--------------------------------------------------------
--  파일이 생성됨 - 금요일-10월-23-2020   
--------------------------------------------------------
--------------------------------------------------------
--  DDL for Sequence BOARD_ID
--------------------------------------------------------

   CREATE SEQUENCE  "CTEAM"."BOARD_ID"  MINVALUE 1 MAXVALUE 9999999999999999999999999999 INCREMENT BY 1 START WITH 1 CACHE 20 NOORDER  NOCYCLE ;
--------------------------------------------------------
--  DDL for Sequence BOARD_SEQ
--------------------------------------------------------

   CREATE SEQUENCE  "CTEAM"."BOARD_SEQ"  MINVALUE 1 MAXVALUE 9999999999999999999999999999 INCREMENT BY 1 START WITH 179 CACHE 20 NOORDER  NOCYCLE ;
--------------------------------------------------------
--  DDL for Sequence CART_SEQ
--------------------------------------------------------

   CREATE SEQUENCE  "CTEAM"."CART_SEQ"  MINVALUE 1 MAXVALUE 9999999999999999999999999999 INCREMENT BY 1 START WITH 179 CACHE 20 NOORDER  NOCYCLE ;
--------------------------------------------------------
--  DDL for Sequence ID
--------------------------------------------------------

   CREATE SEQUENCE  "CTEAM"."ID"  MINVALUE 1 MAXVALUE 9999999999999999999999999999 INCREMENT BY 1 START WITH 1 CACHE 20 NOORDER  NOCYCLE ;
--------------------------------------------------------
--  DDL for Sequence ITEM_OPTION_SEQ
--------------------------------------------------------

   CREATE SEQUENCE  "CTEAM"."ITEM_OPTION_SEQ"  MINVALUE 1 MAXVALUE 9999999999999999999999999999 INCREMENT BY 1 START WITH 1 CACHE 20 NOORDER  NOCYCLE ;
--------------------------------------------------------
--  DDL for Sequence NO_SEQ
--------------------------------------------------------

   CREATE SEQUENCE  "CTEAM"."NO_SEQ"  MINVALUE 1 MAXVALUE 10000 INCREMENT BY 1 START WITH 192 CACHE 20 NOORDER  NOCYCLE ;
--------------------------------------------------------
--  DDL for Sequence ORDERLIST_GOODS_SEQ
--------------------------------------------------------

   CREATE SEQUENCE  "CTEAM"."ORDERLIST_GOODS_SEQ"  MINVALUE 1 MAXVALUE 10000 INCREMENT BY 1 START WITH 158 CACHE 20 NOORDER  NOCYCLE ;
--------------------------------------------------------
--  DDL for Sequence ORDER_LIST_SEQ
--------------------------------------------------------

   CREATE SEQUENCE  "CTEAM"."ORDER_LIST_SEQ"  MINVALUE 1 MAXVALUE 10000 INCREMENT BY 1 START WITH 135 CACHE 20 NOORDER  NOCYCLE ;
--------------------------------------------------------
--  DDL for Sequence PETPHOTO_SEQ
--------------------------------------------------------

   CREATE SEQUENCE  "CTEAM"."PETPHOTO_SEQ"  MINVALUE 1 MAXVALUE 10000 INCREMENT BY 1 START WITH 103 CACHE 20 NOORDER  NOCYCLE ;
--------------------------------------------------------
--  DDL for Sequence SELL_ITEM_SEQ
--------------------------------------------------------

   CREATE SEQUENCE  "CTEAM"."SELL_ITEM_SEQ"  MINVALUE 1 MAXVALUE 10000 INCREMENT BY 1 START WITH 94 CACHE 20 NOORDER  NOCYCLE ;
--------------------------------------------------------
--  DDL for Sequence SEQ_BOARD
--------------------------------------------------------

   CREATE SEQUENCE  "CTEAM"."SEQ_BOARD"  MINVALUE 1 MAXVALUE 9999999999999999999999999999 INCREMENT BY 1 START WITH 21 CACHE 20 NOORDER  NOCYCLE ;
--------------------------------------------------------
--  DDL for Sequence SEQ_BOARD_COMMENT
--------------------------------------------------------

   CREATE SEQUENCE  "CTEAM"."SEQ_BOARD_COMMENT"  MINVALUE 1 MAXVALUE 9999999999999999999999999999 INCREMENT BY 1 START WITH 149 CACHE 20 NOORDER  NOCYCLE ;
--------------------------------------------------------
--  DDL for Sequence SEQ_BOARD_ID
--------------------------------------------------------

   CREATE SEQUENCE  "CTEAM"."SEQ_BOARD_ID"  MINVALUE 1 MAXVALUE 9999999999999999999999999999 INCREMENT BY 1 START WITH 1 CACHE 20 NOORDER  NOCYCLE ;
--------------------------------------------------------
--  DDL for Sequence SEQ_ID
--------------------------------------------------------

   CREATE SEQUENCE  "CTEAM"."SEQ_ID"  MINVALUE 1 MAXVALUE 9999999999999999999999999999 INCREMENT BY 1 START WITH 275 CACHE 20 NOORDER  NOCYCLE ;
--------------------------------------------------------
--  DDL for Sequence SEQ_QNA
--------------------------------------------------------

   CREATE SEQUENCE  "CTEAM"."SEQ_QNA"  MINVALUE 1 MAXVALUE 9999999999999999999999999999 INCREMENT BY 1 START WITH 41 CACHE 20 NOORDER  NOCYCLE ;
--------------------------------------------------------
--  DDL for Table BOARD
--------------------------------------------------------

  CREATE TABLE "CTEAM"."BOARD" 
   (	"BOARD_SUBJECT" VARCHAR2(20 BYTE), 
	"BOARD_TITLE" VARCHAR2(100 BYTE), 
	"BOARD_CONTENT" VARCHAR2(1024 BYTE), 
	"BOARD_CITY" VARCHAR2(60 BYTE), 
	"BOARD_REGION" VARCHAR2(20 BYTE), 
	"BOARD_DATE" VARCHAR2(20 BYTE) DEFAULT to_char(sysdate, 'yyyy/mm/dd hh24:mi'), 
	"MEMBER_ID" VARCHAR2(20 BYTE), 
	"BOARD_NUM" NUMBER, 
	"PETNAME" VARCHAR2(60 BYTE), 
	"PETIMAGE_PATH" VARCHAR2(1024 BYTE), 
	"BOARD_IMAGEPATH" VARCHAR2(1024 BYTE)
   ) SEGMENT CREATION IMMEDIATE 
  PCTFREE 10 PCTUSED 40 INITRANS 1 MAXTRANS 255 NOCOMPRESS LOGGING
  STORAGE(INITIAL 65536 NEXT 1048576 MINEXTENTS 1 MAXEXTENTS 2147483645
  PCTINCREASE 0 FREELISTS 1 FREELIST GROUPS 1 BUFFER_POOL DEFAULT FLASH_CACHE DEFAULT CELL_FLASH_CACHE DEFAULT)
  TABLESPACE "SYSTEM" ;
--------------------------------------------------------
--  DDL for Table BOARD_COMMENT
--------------------------------------------------------

  CREATE TABLE "CTEAM"."BOARD_COMMENT" 
   (	"COMMENT_NUM" NUMBER, 
	"BOARD_NUM" NUMBER, 
	"MEMBER_ID" VARCHAR2(20 BYTE), 
	"WRITER_IMAGE" VARCHAR2(1024 BYTE), 
	"CONTENT" VARCHAR2(4000 BYTE), 
	"WRITEDATE" DATE DEFAULT sysdate
   ) SEGMENT CREATION IMMEDIATE 
  PCTFREE 10 PCTUSED 40 INITRANS 1 MAXTRANS 255 NOCOMPRESS LOGGING
  STORAGE(INITIAL 65536 NEXT 1048576 MINEXTENTS 1 MAXEXTENTS 2147483645
  PCTINCREASE 0 FREELISTS 1 FREELIST GROUPS 1 BUFFER_POOL DEFAULT FLASH_CACHE DEFAULT CELL_FLASH_CACHE DEFAULT)
  TABLESPACE "SYSTEM" ;
--------------------------------------------------------
--  DDL for Table CALENDAR
--------------------------------------------------------

  CREATE TABLE "CTEAM"."CALENDAR" 
   (	"CALENDAR_DATE" VARCHAR2(100 BYTE), 
	"CALENDAR_ICON" VARCHAR2(100 BYTE), 
	"CALENDAR_MEMO" VARCHAR2(100 BYTE), 
	"CALENDAR_HOUR" VARCHAR2(3 BYTE), 
	"CALENDAR_MINUTE" VARCHAR2(3 BYTE), 
	"CALENDAR_ID" VARCHAR2(20 BYTE), 
	"PETNAME" VARCHAR2(20 BYTE)
   ) SEGMENT CREATION IMMEDIATE 
  PCTFREE 10 PCTUSED 40 INITRANS 1 MAXTRANS 255 NOCOMPRESS LOGGING
  STORAGE(INITIAL 65536 NEXT 1048576 MINEXTENTS 1 MAXEXTENTS 2147483645
  PCTINCREASE 0 FREELISTS 1 FREELIST GROUPS 1 BUFFER_POOL DEFAULT FLASH_CACHE DEFAULT CELL_FLASH_CACHE DEFAULT)
  TABLESPACE "SYSTEM" ;
--------------------------------------------------------
--  DDL for Table CART
--------------------------------------------------------

  CREATE TABLE "CTEAM"."CART" 
   (	"CART_NUM" NUMBER, 
	"MEMBER_ID" VARCHAR2(20 BYTE), 
	"ITEM_NUM" NUMBER, 
	"OPTION_INFO" VARCHAR2(20 BYTE)
   ) SEGMENT CREATION IMMEDIATE 
  PCTFREE 10 PCTUSED 40 INITRANS 1 MAXTRANS 255 NOCOMPRESS LOGGING
  STORAGE(INITIAL 65536 NEXT 1048576 MINEXTENTS 1 MAXEXTENTS 2147483645
  PCTINCREASE 0 FREELISTS 1 FREELIST GROUPS 1 BUFFER_POOL DEFAULT FLASH_CACHE DEFAULT CELL_FLASH_CACHE DEFAULT)
  TABLESPACE "SYSTEM" ;
--------------------------------------------------------
--  DDL for Table MEMBERJOIN
--------------------------------------------------------

  CREATE TABLE "CTEAM"."MEMBERJOIN" 
   (	"MEMBER_ID" VARCHAR2(20 BYTE), 
	"MEMBER_PW" VARCHAR2(20 BYTE), 
	"MEMBER_NAME" VARCHAR2(30 BYTE), 
	"MEMBER_PHONENUM" VARCHAR2(1024 BYTE), 
	"MEMBER_QUESTION" VARCHAR2(1024 BYTE), 
	"MEMBER_ANSWER" VARCHAR2(1024 BYTE), 
	"MEMBER_EMAIL" VARCHAR2(100 BYTE), 
	"MEMBER_ADDRESS" VARCHAR2(1024 BYTE), 
	"MEMBER_POST" NUMBER, 
	"MEMBER_ADDRESS2" VARCHAR2(1024 BYTE), 
	"ADMIN" VARCHAR2(1 BYTE) DEFAULT 'N'
   ) SEGMENT CREATION IMMEDIATE 
  PCTFREE 10 PCTUSED 40 INITRANS 1 MAXTRANS 255 NOCOMPRESS LOGGING
  STORAGE(INITIAL 65536 NEXT 1048576 MINEXTENTS 1 MAXEXTENTS 2147483645
  PCTINCREASE 0 FREELISTS 1 FREELIST GROUPS 1 BUFFER_POOL DEFAULT FLASH_CACHE DEFAULT CELL_FLASH_CACHE DEFAULT)
  TABLESPACE "SYSTEM" ;
--------------------------------------------------------
--  DDL for Table NOTICE
--------------------------------------------------------

  CREATE TABLE "CTEAM"."NOTICE" 
   (	"ID" NUMBER, 
	"TITLE" VARCHAR2(300 BYTE), 
	"CONTENT" VARCHAR2(4000 BYTE), 
	"WRITER" VARCHAR2(20 BYTE), 
	"WRITEDATE" DATE DEFAULT sysdate, 
	"READCNT" NUMBER DEFAULT 0/*조회수*/, 
	"FILENAME" VARCHAR2(300 BYTE), 
	"FILEPATH" VARCHAR2(300 BYTE), 
	"ROOT" NUMBER, 
	"STEP" NUMBER DEFAULT 0, 
	"INDENT" NUMBER DEFAULT 0
   ) SEGMENT CREATION IMMEDIATE 
  PCTFREE 10 PCTUSED 40 INITRANS 1 MAXTRANS 255 NOCOMPRESS LOGGING
  STORAGE(INITIAL 65536 NEXT 1048576 MINEXTENTS 1 MAXEXTENTS 2147483645
  PCTINCREASE 0 FREELISTS 1 FREELIST GROUPS 1 BUFFER_POOL DEFAULT FLASH_CACHE DEFAULT CELL_FLASH_CACHE DEFAULT)
  TABLESPACE "SYSTEM" ;
--------------------------------------------------------
--  DDL for Table ORDERLIST
--------------------------------------------------------

  CREATE TABLE "CTEAM"."ORDERLIST" 
   (	"ORDER_NUM" NUMBER, 
	"MEMBER_ID" VARCHAR2(20 BYTE), 
	"MEMBER_PHONENUM" VARCHAR2(20 BYTE), 
	"MEMBER_NAME" VARCHAR2(30 BYTE), 
	"ORDER_DATE" VARCHAR2(1024 BYTE), 
	"SHIPPING_MESSAGE" VARCHAR2(100 BYTE), 
	"SHIPPING_ADDRESS" VARCHAR2(500 BYTE), 
	"SHIPPING_PHONENUM" VARCHAR2(20 BYTE), 
	"SHIPPING_NAME" VARCHAR2(20 BYTE), 
	"ORDER_STATE" VARCHAR2(30 BYTE), 
	"SHIPPING_ADDRESS2" VARCHAR2(100 BYTE), 
	"SHIPPING_POST" VARCHAR2(20 BYTE), 
	"MEMBER_EMAIL" VARCHAR2(50 BYTE), 
	"PAY" VARCHAR2(20 BYTE), 
	"ORDER_SEQ" VARCHAR2(20 BYTE)
   ) SEGMENT CREATION IMMEDIATE 
  PCTFREE 10 PCTUSED 40 INITRANS 1 MAXTRANS 255 NOCOMPRESS LOGGING
  STORAGE(INITIAL 65536 NEXT 1048576 MINEXTENTS 1 MAXEXTENTS 2147483645
  PCTINCREASE 0 FREELISTS 1 FREELIST GROUPS 1 BUFFER_POOL DEFAULT FLASH_CACHE DEFAULT CELL_FLASH_CACHE DEFAULT)
  TABLESPACE "SYSTEM" ;
--------------------------------------------------------
--  DDL for Table ORDERLIST_GOODS
--------------------------------------------------------

  CREATE TABLE "CTEAM"."ORDERLIST_GOODS" 
   (	"ORDERLIST_GOODS_NUM" NUMBER, 
	"ORDER_NUM" NUMBER, 
	"ITEM_NUM" NUMBER, 
	"OPTION_INFO" VARCHAR2(1024 BYTE)
   ) SEGMENT CREATION IMMEDIATE 
  PCTFREE 10 PCTUSED 40 INITRANS 1 MAXTRANS 255 NOCOMPRESS LOGGING
  STORAGE(INITIAL 65536 NEXT 1048576 MINEXTENTS 1 MAXEXTENTS 2147483645
  PCTINCREASE 0 FREELISTS 1 FREELIST GROUPS 1 BUFFER_POOL DEFAULT FLASH_CACHE DEFAULT CELL_FLASH_CACHE DEFAULT)
  TABLESPACE "SYSTEM" ;
--------------------------------------------------------
--  DDL for Table PETADD
--------------------------------------------------------

  CREATE TABLE "CTEAM"."PETADD" 
   (	"PETNAME" VARCHAR2(20 BYTE), 
	"PETWEIGHT" VARCHAR2(10 BYTE), 
	"PETGENDER" VARCHAR2(20 BYTE), 
	"PETIMAGEPATH" VARCHAR2(1024 BYTE), 
	"MEMBER_ID" VARCHAR2(20 BYTE), 
	"PETAGE" VARCHAR2(20 BYTE)
   ) SEGMENT CREATION IMMEDIATE 
  PCTFREE 10 PCTUSED 40 INITRANS 1 MAXTRANS 255 NOCOMPRESS LOGGING
  STORAGE(INITIAL 65536 NEXT 1048576 MINEXTENTS 1 MAXEXTENTS 2147483645
  PCTINCREASE 0 FREELISTS 1 FREELIST GROUPS 1 BUFFER_POOL DEFAULT FLASH_CACHE DEFAULT CELL_FLASH_CACHE DEFAULT)
  TABLESPACE "SYSTEM" ;
--------------------------------------------------------
--  DDL for Table PETPHOTO
--------------------------------------------------------

  CREATE TABLE "CTEAM"."PETPHOTO" 
   (	"PETPHOTO_NO" NUMBER, 
	"PETNAME" VARCHAR2(20 BYTE), 
	"PETPHOTO_IMGPATH" VARCHAR2(1024 BYTE), 
	"PETPHOTO_CONTENT" VARCHAR2(1024 BYTE), 
	"PETPHOTO_DATE" VARCHAR2(11 BYTE), 
	"MEMBER_ID" VARCHAR2(20 BYTE)
   ) SEGMENT CREATION IMMEDIATE 
  PCTFREE 10 PCTUSED 40 INITRANS 1 MAXTRANS 255 NOCOMPRESS LOGGING
  STORAGE(INITIAL 65536 NEXT 1048576 MINEXTENTS 1 MAXEXTENTS 2147483645
  PCTINCREASE 0 FREELISTS 1 FREELIST GROUPS 1 BUFFER_POOL DEFAULT FLASH_CACHE DEFAULT CELL_FLASH_CACHE DEFAULT)
  TABLESPACE "SYSTEM" ;
--------------------------------------------------------
--  DDL for Table QNA
--------------------------------------------------------

  CREATE TABLE "CTEAM"."QNA" 
   (	"QNA_NUM" NUMBER, 
	"MEMBER_ID" VARCHAR2(20 BYTE), 
	"QNA_TITLE" VARCHAR2(100 BYTE), 
	"QNA_CONTENT" VARCHAR2(1024 BYTE)
   ) SEGMENT CREATION IMMEDIATE 
  PCTFREE 10 PCTUSED 40 INITRANS 1 MAXTRANS 255 NOCOMPRESS LOGGING
  STORAGE(INITIAL 65536 NEXT 1048576 MINEXTENTS 1 MAXEXTENTS 2147483645
  PCTINCREASE 0 FREELISTS 1 FREELIST GROUPS 1 BUFFER_POOL DEFAULT FLASH_CACHE DEFAULT CELL_FLASH_CACHE DEFAULT)
  TABLESPACE "SYSTEM" ;
--------------------------------------------------------
--  DDL for Table REVIEW
--------------------------------------------------------

  CREATE TABLE "CTEAM"."REVIEW" 
   (	"REVIEW_NUM" NUMBER, 
	"ITEM_NUM" NUMBER, 
	"ORDER_NUM" NUMBER, 
	"MEMBER_ID" VARCHAR2(20 BYTE), 
	"STAR" NUMBER, 
	"REVIEW_TITLE" VARCHAR2(100 BYTE), 
	"REVIEW_CONTENT" VARCHAR2(1024 BYTE), 
	"REVIEW_IMGPATH" VARCHAR2(1024 BYTE), 
	"REVIEW_DATE" VARCHAR2(20 BYTE)
   ) SEGMENT CREATION IMMEDIATE 
  PCTFREE 10 PCTUSED 40 INITRANS 1 MAXTRANS 255 NOCOMPRESS LOGGING
  STORAGE(INITIAL 65536 NEXT 1048576 MINEXTENTS 1 MAXEXTENTS 2147483645
  PCTINCREASE 0 FREELISTS 1 FREELIST GROUPS 1 BUFFER_POOL DEFAULT FLASH_CACHE DEFAULT CELL_FLASH_CACHE DEFAULT)
  TABLESPACE "SYSTEM" ;
--------------------------------------------------------
--  DDL for Table SELL_ITEM
--------------------------------------------------------

  CREATE TABLE "CTEAM"."SELL_ITEM" 
   (	"ITEM_NUM" NUMBER, 
	"ITEM_NAME" VARCHAR2(1024 BYTE), 
	"ITEM_PRICE" NUMBER, 
	"ITEM_IMGPATH" VARCHAR2(1024 BYTE), 
	"ITEM_CONTENT" VARCHAR2(2000 BYTE), 
	"ITEM_CONTENT_IMGPATH" VARCHAR2(1024 BYTE), 
	"ITEM_CODE" VARCHAR2(50 BYTE)
   ) SEGMENT CREATION IMMEDIATE 
  PCTFREE 10 PCTUSED 40 INITRANS 1 MAXTRANS 255 NOCOMPRESS LOGGING
  STORAGE(INITIAL 65536 NEXT 1048576 MINEXTENTS 1 MAXEXTENTS 2147483645
  PCTINCREASE 0 FREELISTS 1 FREELIST GROUPS 1 BUFFER_POOL DEFAULT FLASH_CACHE DEFAULT CELL_FLASH_CACHE DEFAULT)
  TABLESPACE "SYSTEM" ;
--------------------------------------------------------
--  DDL for Table SELL_ITEM_OPTION
--------------------------------------------------------

  CREATE TABLE "CTEAM"."SELL_ITEM_OPTION" 
   (	"ITEM_NUM" NUMBER, 
	"OPTION_NAME" VARCHAR2(100 BYTE), 
	"ITEM_CODE" VARCHAR2(50 BYTE)
   ) SEGMENT CREATION IMMEDIATE 
  PCTFREE 10 PCTUSED 40 INITRANS 1 MAXTRANS 255 NOCOMPRESS LOGGING
  STORAGE(INITIAL 65536 NEXT 1048576 MINEXTENTS 1 MAXEXTENTS 2147483645
  PCTINCREASE 0 FREELISTS 1 FREELIST GROUPS 1 BUFFER_POOL DEFAULT FLASH_CACHE DEFAULT CELL_FLASH_CACHE DEFAULT)
  TABLESPACE "SYSTEM" ;
REM INSERTING into CTEAM.BOARD
SET DEFINE OFF;
Insert into CTEAM.BOARD (BOARD_SUBJECT,BOARD_TITLE,BOARD_CONTENT,BOARD_CITY,BOARD_REGION,BOARD_DATE,MEMBER_ID,BOARD_NUM,PETNAME,PETIMAGE_PATH,BOARD_IMAGEPATH) values ('산책','사진 올리기','ㅇ고양이님','서울특별시','강남구','2020/10/07 19:17','cteam',82,'정수안무','http://192.168.0.141:8080/app/resources/suan2.jpg','http://192.168.0.141:8080/app/resources/download.jpeg');
Insert into CTEAM.BOARD (BOARD_SUBJECT,BOARD_TITLE,BOARD_CONTENT,BOARD_CITY,BOARD_REGION,BOARD_DATE,MEMBER_ID,BOARD_NUM,PETNAME,PETIMAGE_PATH,BOARD_IMAGEPATH) values ('산책','gowalk','gogogo','서울특별시','광진구','2020/10/07 18:42','j',78,'연두','http://192.168.0.37:8080/app/resources/My20200730_031154.jpg',null);
Insert into CTEAM.BOARD (BOARD_SUBJECT,BOARD_TITLE,BOARD_CONTENT,BOARD_CITY,BOARD_REGION,BOARD_DATE,MEMBER_ID,BOARD_NUM,PETNAME,PETIMAGE_PATH,BOARD_IMAGEPATH) values ('산책','사진이 맞게 올라갑니다','하지만 사이즈으으으으으으으응ㅇㅇ 길쭉함ㅇㅇㅇㅇㅇㅇㅇㅇㅇㅇㅇㅇㅇㅇㅇㅇㅇㅇㅇㅇㅇㅇㅇㅇㅇㅇㅇㅇㅇㅇㅇㅇㅇㅇㅇㅇㅇㅇㅇㅇㅇㅇㅇㅇㅇㅇㅇㅇㅇㅇㅇㅇㅇㅇㅇㅇㅇㅇㅇㅇㅇㅇㅇㅇㅇㅇㅇㅇㅇㅇㅇㅇㅇㅇㅇㅇㅇㅇ','부산광역시','강서구','2020/10/08 10:18','cteam',85,'정수안무','http://192.168.0.141:8080/app/resources/suan3.jpg','http://192.168.0.141:8080/app/resources/download.jpeg');
Insert into CTEAM.BOARD (BOARD_SUBJECT,BOARD_TITLE,BOARD_CONTENT,BOARD_CITY,BOARD_REGION,BOARD_DATE,MEMBER_ID,BOARD_NUM,PETNAME,PETIMAGE_PATH,BOARD_IMAGEPATH) values ('나눔','고양이가 만든 감자 무료나눔해요','냄새가 고소해요','광주광역시','서구','2020/10/16 10:29','c',86,'메주','http://192.168.0.37:8080/app/resources/My20200730_025848.jpg',null);
Insert into CTEAM.BOARD (BOARD_SUBJECT,BOARD_TITLE,BOARD_CONTENT,BOARD_CITY,BOARD_REGION,BOARD_DATE,MEMBER_ID,BOARD_NUM,PETNAME,PETIMAGE_PATH,BOARD_IMAGEPATH) values ('나눔','고양이가 만든 감자 무료나눔해요','냄새가 고소해요','광주광역시','서구','2020/10/16 10:29','c',126,null,null,null);
Insert into CTEAM.BOARD (BOARD_SUBJECT,BOARD_TITLE,BOARD_CONTENT,BOARD_CITY,BOARD_REGION,BOARD_DATE,MEMBER_ID,BOARD_NUM,PETNAME,PETIMAGE_PATH,BOARD_IMAGEPATH) values ('산책','평화광장 산책 가실분~','
제 반려동생은 고양이라 산책 못가요~ 대신 제가 갈게요~
하지만 같이 산책하실분은 강아지 꼭 데려오세요~','전라남도','목포시','2020/10/16 16:46','suanmu11',131,'고니','http://192.168.0.141:8080/app/resources/고니.jpg','http://192.168.0.141:8080/app/resources/download.jpeg');
Insert into CTEAM.BOARD (BOARD_SUBJECT,BOARD_TITLE,BOARD_CONTENT,BOARD_CITY,BOARD_REGION,BOARD_DATE,MEMBER_ID,BOARD_NUM,PETNAME,PETIMAGE_PATH,BOARD_IMAGEPATH) values ('나눔','고양이가 만든 감자 무료나눔해요','냄새가 고소해요 wjd','광주광역시','서구','2020/10/16 10:29','c',158,'큐티수안','http://192.168.0.38:8080/app/resources/IMG_20200730_030442.jpg','null');
Insert into CTEAM.BOARD (BOARD_SUBJECT,BOARD_TITLE,BOARD_CONTENT,BOARD_CITY,BOARD_REGION,BOARD_DATE,MEMBER_ID,BOARD_NUM,PETNAME,PETIMAGE_PATH,BOARD_IMAGEPATH) values ('나눔','고양이가 만든 감자 무료나눔해요','냄새가 고소해요','광주광역시','서구','2020/10/16 10:29','c',127,null,null,'/upload/community/2020/10/15/096f0514-c092-4d1e-9c00-ab6caffb6d21_house111.png');
Insert into CTEAM.BOARD (BOARD_SUBJECT,BOARD_TITLE,BOARD_CONTENT,BOARD_CITY,BOARD_REGION,BOARD_DATE,MEMBER_ID,BOARD_NUM,PETNAME,PETIMAGE_PATH,BOARD_IMAGEPATH) values ('산책','산책 가실분?','고니 이백이는 고양이라 산책은 못하구 대신 저랑 하실분','광주광역시','서구','2020/10/16 10:27','suanmu11',129,'고니','http://192.168.0.141:8080/app/resources/고니.jpg','null');
Insert into CTEAM.BOARD (BOARD_SUBJECT,BOARD_TITLE,BOARD_CONTENT,BOARD_CITY,BOARD_REGION,BOARD_DATE,MEMBER_ID,BOARD_NUM,PETNAME,PETIMAGE_PATH,BOARD_IMAGEPATH) values ('나눔','고양이가 만든 감자 무료나눔해요','냄새가 고소해요','광주광역시','서구','2020/10/16 10:29','suanmu11',130,'고니','http://192.168.0.141:8080/app/resources/고니.jpg','null');
Insert into CTEAM.BOARD (BOARD_SUBJECT,BOARD_TITLE,BOARD_CONTENT,BOARD_CITY,BOARD_REGION,BOARD_DATE,MEMBER_ID,BOARD_NUM,PETNAME,PETIMAGE_PATH,BOARD_IMAGEPATH) values ('나눔','정수안 천재','ㅇㅈ?','제주특별자치도',null,'2020/10/17 20:24','suanmu11',135,null,null,null);
Insert into CTEAM.BOARD (BOARD_SUBJECT,BOARD_TITLE,BOARD_CONTENT,BOARD_CITY,BOARD_REGION,BOARD_DATE,MEMBER_ID,BOARD_NUM,PETNAME,PETIMAGE_PATH,BOARD_IMAGEPATH) values ('산책','★★ 테스트','ㅋㅋㅋㅋㅋㅋ','대구광역시','남구','2020/10/16 21:00','cteam',133,null,null,null);
Insert into CTEAM.BOARD (BOARD_SUBJECT,BOARD_TITLE,BOARD_CONTENT,BOARD_CITY,BOARD_REGION,BOARD_DATE,MEMBER_ID,BOARD_NUM,PETNAME,PETIMAGE_PATH,BOARD_IMAGEPATH) values ('나눔','미리보기~','ㅋㅋㅋㅋ','대전광역시',null,'2020/10/17 16:17','admin',134,null,null,'/upload/community/2020/10/17/4078cf5c-c73b-45c8-a613-418a9fdc40ec_icons8-dog-walking-100.png');
Insert into CTEAM.BOARD (BOARD_SUBJECT,BOARD_TITLE,BOARD_CONTENT,BOARD_CITY,BOARD_REGION,BOARD_DATE,MEMBER_ID,BOARD_NUM,PETNAME,PETIMAGE_PATH,BOARD_IMAGEPATH) values ('나눔','밀크티 맛있당','
재은표 밀크티 ~','경상남도','창원시','2020/10/17 20:24','suanmu11',136,null,null,null);
Insert into CTEAM.BOARD (BOARD_SUBJECT,BOARD_TITLE,BOARD_CONTENT,BOARD_CITY,BOARD_REGION,BOARD_DATE,MEMBER_ID,BOARD_NUM,PETNAME,PETIMAGE_PATH,BOARD_IMAGEPATH) values ('산책','나 관리잔데 나 빼고 다 나가라','
NAGA~','광주광역시','서구','2020/10/17 20:28','admin',137,null,null,null);
Insert into CTEAM.BOARD (BOARD_SUBJECT,BOARD_TITLE,BOARD_CONTENT,BOARD_CITY,BOARD_REGION,BOARD_DATE,MEMBER_ID,BOARD_NUM,PETNAME,PETIMAGE_PATH,BOARD_IMAGEPATH) values ('나눔','설마.','ㅇㅇㅇㅇㅇㅇ','대구광역시','남구','2020/10/17 21:35','suanmu11',139,null,null,null);
Insert into CTEAM.BOARD (BOARD_SUBJECT,BOARD_TITLE,BOARD_CONTENT,BOARD_CITY,BOARD_REGION,BOARD_DATE,MEMBER_ID,BOARD_NUM,PETNAME,PETIMAGE_PATH,BOARD_IMAGEPATH) values ('나눔','이미지 확인~','
확인할꺼임','세종특별자치시',null,'2020/10/19 11:05','suanmu11',140,null,null,'/upload/community/2020/10/19/a122e610-6cbd-4a09-b254-2cad9fadbe1b_icons8-dispenser-100.png');
Insert into CTEAM.BOARD (BOARD_SUBJECT,BOARD_TITLE,BOARD_CONTENT,BOARD_CITY,BOARD_REGION,BOARD_DATE,MEMBER_ID,BOARD_NUM,PETNAME,PETIMAGE_PATH,BOARD_IMAGEPATH) values ('나눔','수진이는 천재다','개똑똑함 진짜zzzzzddd!!!zzz','제주특별자치도','제주시','2020/10/19 11:57','cteam',141,null,null,null);
Insert into CTEAM.BOARD (BOARD_SUBJECT,BOARD_TITLE,BOARD_CONTENT,BOARD_CITY,BOARD_REGION,BOARD_DATE,MEMBER_ID,BOARD_NUM,PETNAME,PETIMAGE_PATH,BOARD_IMAGEPATH) values ('나눔','게시판에서 딸기냄새남','누가 게시판에 딸기우유를 부엇어?','서울특별시','강남구','2020/10/19 16:06','jamong486',142,null,null,'/upload/community/2020/10/19/51fcf5f0-1d21-40a7-87f4-016fb6fd983d_noreview.jpg');
Insert into CTEAM.BOARD (BOARD_SUBJECT,BOARD_TITLE,BOARD_CONTENT,BOARD_CITY,BOARD_REGION,BOARD_DATE,MEMBER_ID,BOARD_NUM,PETNAME,PETIMAGE_PATH,BOARD_IMAGEPATH) values ('산책','우산이 튼튼해요','네','서울특별시','강남구','2020/10/23 12:59','admin',161,null,null,'/upload/community/2020/10/23/53202b73-16c4-4df0-b073-92f9e623f052_우산 쓴 트럼프.jpg');
Insert into CTEAM.BOARD (BOARD_SUBJECT,BOARD_TITLE,BOARD_CONTENT,BOARD_CITY,BOARD_REGION,BOARD_DATE,MEMBER_ID,BOARD_NUM,PETNAME,PETIMAGE_PATH,BOARD_IMAGEPATH) values ('산책','산책','같이해요','서울특별시','강북구','2020/10/23 13:23','j',162,'진순','http://192.168.0.37:8080/app/resources/My20200730_031012.jpg','null');
Insert into CTEAM.BOARD (BOARD_SUBJECT,BOARD_TITLE,BOARD_CONTENT,BOARD_CITY,BOARD_REGION,BOARD_DATE,MEMBER_ID,BOARD_NUM,PETNAME,PETIMAGE_PATH,BOARD_IMAGEPATH) values ('나눔','재은이네 집','



재으니 ㅇㅁㅇ!!!!!!!!!!!!!!!','전라북도','정읍시','2020/10/21 10:15','cteam',147,null,null,null);
Insert into CTEAM.BOARD (BOARD_SUBJECT,BOARD_TITLE,BOARD_CONTENT,BOARD_CITY,BOARD_REGION,BOARD_DATE,MEMBER_ID,BOARD_NUM,PETNAME,PETIMAGE_PATH,BOARD_IMAGEPATH) values ('나눔','제목을 입력하래...','내용을 입력하래...','울산광역시','울주군','2020/10/21 10:46','cteam',148,null,null,null);
REM INSERTING into CTEAM.BOARD_COMMENT
SET DEFINE OFF;
Insert into CTEAM.BOARD_COMMENT (COMMENT_NUM,BOARD_NUM,MEMBER_ID,WRITER_IMAGE,CONTENT,WRITEDATE) values (1,82,'j','http://192.168.0.37:8080/app/resources/My20200730_031154.jpg','cute',to_date('20/10/07','RR/MM/DD'));
Insert into CTEAM.BOARD_COMMENT (COMMENT_NUM,BOARD_NUM,MEMBER_ID,WRITER_IMAGE,CONTENT,WRITEDATE) values (103,130,'suanmu11','http://192.168.0.141:8080/app/resources/고니.jpg','? 아무도 없나요?',to_date('20/10/16','RR/MM/DD'));
Insert into CTEAM.BOARD_COMMENT (COMMENT_NUM,BOARD_NUM,MEMBER_ID,WRITER_IMAGE,CONTENT,WRITEDATE) values (107,137,'cteam',null,'왜죠...',to_date('20/10/18','RR/MM/DD'));
Insert into CTEAM.BOARD_COMMENT (COMMENT_NUM,BOARD_NUM,MEMBER_ID,WRITER_IMAGE,CONTENT,WRITEDATE) values (116,141,'jamong486',null,'ㅇㅈ합니다',to_date('20/10/19','RR/MM/DD'));
Insert into CTEAM.BOARD_COMMENT (COMMENT_NUM,BOARD_NUM,MEMBER_ID,WRITER_IMAGE,CONTENT,WRITEDATE) values (126,82,'c','http://192.168.0.38:8080/app/resources/IMG_20200730_030442.jpg','커엽',to_date('20/10/23','RR/MM/DD'));
Insert into CTEAM.BOARD_COMMENT (COMMENT_NUM,BOARD_NUM,MEMBER_ID,WRITER_IMAGE,CONTENT,WRITEDATE) values (61,86,'j','http://192.168.0.37:8080/app/resources/My20200730_031012.jpg','저는 두개 주세요',to_date('20/10/08','RR/MM/DD'));
Insert into CTEAM.BOARD_COMMENT (COMMENT_NUM,BOARD_NUM,MEMBER_ID,WRITER_IMAGE,CONTENT,WRITEDATE) values (115,139,'cteam',null,'설마 모요? 설마가 사람 잡는디... 우리팀에서도 여럿 보냈는디.....',to_date('20/10/19','RR/MM/DD'));
Insert into CTEAM.BOARD_COMMENT (COMMENT_NUM,BOARD_NUM,MEMBER_ID,WRITER_IMAGE,CONTENT,WRITEDATE) values (131,158,'admin',null,'안녕',to_date('20/10/23','RR/MM/DD'));
Insert into CTEAM.BOARD_COMMENT (COMMENT_NUM,BOARD_NUM,MEMBER_ID,WRITER_IMAGE,CONTENT,WRITEDATE) values (123,142,'c',null,'게시판에 딸기우유를 부엇어???',to_date('20/10/22','RR/MM/DD'));
Insert into CTEAM.BOARD_COMMENT (COMMENT_NUM,BOARD_NUM,MEMBER_ID,WRITER_IMAGE,CONTENT,WRITEDATE) values (57,85,'c','http://192.168.0.37:8080/app/resources/My20200730_025848.jpg','ㅁㅇ로오ㅓㄴ얼어호ㅓㄹㅇㅅㄷㄱㅅㅈㄱㅅㄱㅈ됻ㅎ소',to_date('20/10/08','RR/MM/DD'));
Insert into CTEAM.BOARD_COMMENT (COMMENT_NUM,BOARD_NUM,MEMBER_ID,WRITER_IMAGE,CONTENT,WRITEDATE) values (79,86,'c','http://192.168.0.37:8080/app/resources/My20200730_031012.jpg','저도',to_date('20/10/09','RR/MM/DD'));
Insert into CTEAM.BOARD_COMMENT (COMMENT_NUM,BOARD_NUM,MEMBER_ID,WRITER_IMAGE,CONTENT,WRITEDATE) values (42,86,'cteam','http://192.168.0.141:8080/app/resources/suan3.jpg','저요',to_date('20/10/08','RR/MM/DD'));
REM INSERTING into CTEAM.CALENDAR
SET DEFINE OFF;
Insert into CTEAM.CALENDAR (CALENDAR_DATE,CALENDAR_ICON,CALENDAR_MEMO,CALENDAR_HOUR,CALENDAR_MINUTE,CALENDAR_ID,PETNAME) values ('2020-11-03','88','샤워','8','20','167','큐티수안');
Insert into CTEAM.CALENDAR (CALENDAR_DATE,CALENDAR_ICON,CALENDAR_MEMO,CALENDAR_HOUR,CALENDAR_MINUTE,CALENDAR_ID,PETNAME) values ('2020-11-03','83','식사 후 산책','17','14','168','큐티수안');
Insert into CTEAM.CALENDAR (CALENDAR_DATE,CALENDAR_ICON,CALENDAR_MEMO,CALENDAR_HOUR,CALENDAR_MINUTE,CALENDAR_ID,PETNAME) values ('2020-11-12','57','미용실 예약','14','0','169','큐티수안');
Insert into CTEAM.CALENDAR (CALENDAR_DATE,CALENDAR_ICON,CALENDAR_MEMO,CALENDAR_HOUR,CALENDAR_MINUTE,CALENDAR_ID,PETNAME) values ('2020-11-11','73','산책','14','40','170','큐티수안');
Insert into CTEAM.CALENDAR (CALENDAR_DATE,CALENDAR_ICON,CALENDAR_MEMO,CALENDAR_HOUR,CALENDAR_MINUTE,CALENDAR_ID,PETNAME) values ('2020-11-28','25','야간 병원 예약','19','0','171','큐티수안');
Insert into CTEAM.CALENDAR (CALENDAR_DATE,CALENDAR_ICON,CALENDAR_MEMO,CALENDAR_HOUR,CALENDAR_MINUTE,CALENDAR_ID,PETNAME) values ('2020-10-04','18','목욕','5','0','71','정수안무');
Insert into CTEAM.CALENDAR (CALENDAR_DATE,CALENDAR_ICON,CALENDAR_MEMO,CALENDAR_HOUR,CALENDAR_MINUTE,CALENDAR_ID,PETNAME) values ('2020-10-23','45','약','16','0','175','고니');
Insert into CTEAM.CALENDAR (CALENDAR_DATE,CALENDAR_ICON,CALENDAR_MEMO,CALENDAR_HOUR,CALENDAR_MINUTE,CALENDAR_ID,PETNAME) values ('2020-10-23','67','미용','18','0','176','고니');
Insert into CTEAM.CALENDAR (CALENDAR_DATE,CALENDAR_ICON,CALENDAR_MEMO,CALENDAR_HOUR,CALENDAR_MINUTE,CALENDAR_ID,PETNAME) values ('2020-09-23','14','정수안무 바보','23','0','20','정수안무');
Insert into CTEAM.CALENDAR (CALENDAR_DATE,CALENDAR_ICON,CALENDAR_MEMO,CALENDAR_HOUR,CALENDAR_MINUTE,CALENDAR_ID,PETNAME) values ('2020-10-05','44','1234','4','0','78','정수안무');
Insert into CTEAM.CALENDAR (CALENDAR_DATE,CALENDAR_ICON,CALENDAR_MEMO,CALENDAR_HOUR,CALENDAR_MINUTE,CALENDAR_ID,PETNAME) values ('2020-10-05','55','asdfas','5','0','79','정수안무');
Insert into CTEAM.CALENDAR (CALENDAR_DATE,CALENDAR_ICON,CALENDAR_MEMO,CALENDAR_HOUR,CALENDAR_MINUTE,CALENDAR_ID,PETNAME) values ('2020-10-03','67','개천절zzzz','4','0','68','정수안무');
Insert into CTEAM.CALENDAR (CALENDAR_DATE,CALENDAR_ICON,CALENDAR_MEMO,CALENDAR_HOUR,CALENDAR_MINUTE,CALENDAR_ID,PETNAME) values ('2020-10-04','28','zzzz','6','0','75','정수안무');
Insert into CTEAM.CALENDAR (CALENDAR_DATE,CALENDAR_ICON,CALENDAR_MEMO,CALENDAR_HOUR,CALENDAR_MINUTE,CALENDAR_ID,PETNAME) values ('2020-10-04','58','zzzz','7','0','76','정수안무');
Insert into CTEAM.CALENDAR (CALENDAR_DATE,CALENDAR_ICON,CALENDAR_MEMO,CALENDAR_HOUR,CALENDAR_MINUTE,CALENDAR_ID,PETNAME) values ('2020-10-05','14','asdfasdfasdf','6','0','80','정수안무');
Insert into CTEAM.CALENDAR (CALENDAR_DATE,CALENDAR_ICON,CALENDAR_MEMO,CALENDAR_HOUR,CALENDAR_MINUTE,CALENDAR_ID,PETNAME) values ('2020-10-01','33','Walk','4','20','93','연두');
Insert into CTEAM.CALENDAR (CALENDAR_DATE,CALENDAR_ICON,CALENDAR_MEMO,CALENDAR_HOUR,CALENDAR_MINUTE,CALENDAR_ID,PETNAME) values ('2020-10-09','44','2012','5','0','94','연두');
Insert into CTEAM.CALENDAR (CALENDAR_DATE,CALENDAR_ICON,CALENDAR_MEMO,CALENDAR_HOUR,CALENDAR_MINUTE,CALENDAR_ID,PETNAME) values ('2020-10-12','11','밥','9','0','121','고니');
Insert into CTEAM.CALENDAR (CALENDAR_DATE,CALENDAR_ICON,CALENDAR_MEMO,CALENDAR_HOUR,CALENDAR_MINUTE,CALENDAR_ID,PETNAME) values ('2020-10-16','72','간식','19','0','125','고니');
Insert into CTEAM.CALENDAR (CALENDAR_DATE,CALENDAR_ICON,CALENDAR_MEMO,CALENDAR_HOUR,CALENDAR_MINUTE,CALENDAR_ID,PETNAME) values ('2020-10-12','26','약','14','0','122','고니');
Insert into CTEAM.CALENDAR (CALENDAR_DATE,CALENDAR_ICON,CALENDAR_MEMO,CALENDAR_HOUR,CALENDAR_MINUTE,CALENDAR_ID,PETNAME) values ('2020-10-12','58','목욕','19','30','141','고니');
Insert into CTEAM.CALENDAR (CALENDAR_DATE,CALENDAR_ICON,CALENDAR_MEMO,CALENDAR_HOUR,CALENDAR_MINUTE,CALENDAR_ID,PETNAME) values ('2020-10-16','45','병원','15','0','124','고니');
Insert into CTEAM.CALENDAR (CALENDAR_DATE,CALENDAR_ICON,CALENDAR_MEMO,CALENDAR_HOUR,CALENDAR_MINUTE,CALENDAR_ID,PETNAME) values ('2020-10-30','47','미용 예약','14','38','164','큐티수안');
Insert into CTEAM.CALENDAR (CALENDAR_DATE,CALENDAR_ICON,CALENDAR_MEMO,CALENDAR_HOUR,CALENDAR_MINUTE,CALENDAR_ID,PETNAME) values ('2020-10-07','74','간식','4','20','101','진순');
Insert into CTEAM.CALENDAR (CALENDAR_DATE,CALENDAR_ICON,CALENDAR_MEMO,CALENDAR_HOUR,CALENDAR_MINUTE,CALENDAR_ID,PETNAME) values ('2020-10-21','23','산책완료','17','42','161','진돌');
Insert into CTEAM.CALENDAR (CALENDAR_DATE,CALENDAR_ICON,CALENDAR_MEMO,CALENDAR_HOUR,CALENDAR_MINUTE,CALENDAR_ID,PETNAME) values ('2020-10-09','53','ggd','5','30','107','큐티수안');
Insert into CTEAM.CALENDAR (CALENDAR_DATE,CALENDAR_ICON,CALENDAR_MEMO,CALENDAR_HOUR,CALENDAR_MINUTE,CALENDAR_ID,PETNAME) values ('2020-10-30','22','밥줌','20','0','165','큐티수안');
Insert into CTEAM.CALENDAR (CALENDAR_DATE,CALENDAR_ICON,CALENDAR_MEMO,CALENDAR_HOUR,CALENDAR_MINUTE,CALENDAR_ID,PETNAME) values ('2020-10-26','36','약먹이기','10','10','166','큐티수안');
REM INSERTING into CTEAM.CART
SET DEFINE OFF;
Insert into CTEAM.CART (CART_NUM,MEMBER_ID,ITEM_NUM,OPTION_INFO) values (157,'admin',75,'흰@1/빨@1/베@1');
Insert into CTEAM.CART (CART_NUM,MEMBER_ID,ITEM_NUM,OPTION_INFO) values (151,'c',75,'베@1');
Insert into CTEAM.CART (CART_NUM,MEMBER_ID,ITEM_NUM,OPTION_INFO) values (156,'admin',52,'피카츄@2');
REM INSERTING into CTEAM.MEMBERJOIN
SET DEFINE OFF;
Insert into CTEAM.MEMBERJOIN (MEMBER_ID,MEMBER_PW,MEMBER_NAME,MEMBER_PHONENUM,MEMBER_QUESTION,MEMBER_ANSWER,MEMBER_EMAIL,MEMBER_ADDRESS,MEMBER_POST,MEMBER_ADDRESS2,ADMIN) values ('cteam','0123','suan','01045789635','당신의 보물 1호는?','어쩌고','cteam@gmail.com','대전 동구 판교1길 3',56564,'고구마','N');
Insert into CTEAM.MEMBERJOIN (MEMBER_ID,MEMBER_PW,MEMBER_NAME,MEMBER_PHONENUM,MEMBER_QUESTION,MEMBER_ANSWER,MEMBER_EMAIL,MEMBER_ADDRESS,MEMBER_POST,MEMBER_ADDRESS2,ADMIN) values ('c','cteam0000!','씨팀','01036698754','당신이 가장 존경하는 사람은?','우주정복','asd@gmail.com','서울 강남구 강남대로 708(한남대교레인보우카폐)',48954,'감자광역시','N');
Insert into CTEAM.MEMBERJOIN (MEMBER_ID,MEMBER_PW,MEMBER_NAME,MEMBER_PHONENUM,MEMBER_QUESTION,MEMBER_ANSWER,MEMBER_EMAIL,MEMBER_ADDRESS,MEMBER_POST,MEMBER_ADDRESS2,ADMIN) values ('lucky','HMb22g','김영희','01026345555','당신의 보물 1호는?','ㅛㅐㅕ','dfdffm@gmail.com','대전 동구 판교1길 3',12456,'토마토','N');
Insert into CTEAM.MEMBERJOIN (MEMBER_ID,MEMBER_PW,MEMBER_NAME,MEMBER_PHONENUM,MEMBER_QUESTION,MEMBER_ANSWER,MEMBER_EMAIL,MEMBER_ADDRESS,MEMBER_POST,MEMBER_ADDRESS2,ADMIN) values ('jjjjj','djWjrh1!','킹갓수','01012115555','당신의 보물 1호는?','ddd','cvvvm@gmail.com','서울 강남구 강남대로 708(한남대교레인보우카폐)',57672,'딸기','N');
Insert into CTEAM.MEMBERJOIN (MEMBER_ID,MEMBER_PW,MEMBER_NAME,MEMBER_PHONENUM,MEMBER_QUESTION,MEMBER_ANSWER,MEMBER_EMAIL,MEMBER_ADDRESS,MEMBER_POST,MEMBER_ADDRESS2,ADMIN) values ('j','wwww','정자몽','01022225555','당신의 반려동물의 이름은?','자몽','jjjj@gmail.com','부산 동래구 동래로152번가길 10(겨레빌라)',47810,'수안아여기야','N');
Insert into CTEAM.MEMBERJOIN (MEMBER_ID,MEMBER_PW,MEMBER_NAME,MEMBER_PHONENUM,MEMBER_QUESTION,MEMBER_ANSWER,MEMBER_EMAIL,MEMBER_ADDRESS,MEMBER_POST,MEMBER_ADDRESS2,ADMIN) values ('suan1111','suan1111!','정수안','01012341234','당신의 보물 1호는?','제리','ffddddm@gmail.com','제주특별자치도 서귀포시 가가로 14',76573,'메론','N');
Insert into CTEAM.MEMBERJOIN (MEMBER_ID,MEMBER_PW,MEMBER_NAME,MEMBER_PHONENUM,MEMBER_QUESTION,MEMBER_ANSWER,MEMBER_EMAIL,MEMBER_ADDRESS,MEMBER_POST,MEMBER_ADDRESS2,ADMIN) values ('suan1234','12341234','정수안','01012341234','당신의 보물 1호는?','조순섭쌤','bbbb@gmail.com','대전 동구 판교1길 3',23426,'아파트','N');
Insert into CTEAM.MEMBERJOIN (MEMBER_ID,MEMBER_PW,MEMBER_NAME,MEMBER_PHONENUM,MEMBER_QUESTION,MEMBER_ANSWER,MEMBER_EMAIL,MEMBER_ADDRESS,MEMBER_POST,MEMBER_ADDRESS2,ADMIN) values ('jamong1116','jamong1116.','정자몽','01011116666','당신의 보물 1호는?','나는 나보다 약한놈은 상대하지 않는다	','ssssm@gmail.com','제주특별자치도 서귀포시 가가로 14',45433,'빌딩','N');
Insert into CTEAM.MEMBERJOIN (MEMBER_ID,MEMBER_PW,MEMBER_NAME,MEMBER_PHONENUM,MEMBER_QUESTION,MEMBER_ANSWER,MEMBER_EMAIL,MEMBER_ADDRESS,MEMBER_POST,MEMBER_ADDRESS2,ADMIN) values ('admin','admin','관리자','00','00','00','00','00',67856,'씨팀빌딩','Y');
Insert into CTEAM.MEMBERJOIN (MEMBER_ID,MEMBER_PW,MEMBER_NAME,MEMBER_PHONENUM,MEMBER_QUESTION,MEMBER_ANSWER,MEMBER_EMAIL,MEMBER_ADDRESS,MEMBER_POST,MEMBER_ADDRESS2,ADMIN) values ('zamong','xkfwh1!','정수안','01056416464','당신의 반려동물의 이름은?','나','nojobghost@gmail.com','서울 강남구 강남대로 708(한남대교레인보우카폐)',6000,null,'N');
Insert into CTEAM.MEMBERJOIN (MEMBER_ID,MEMBER_PW,MEMBER_NAME,MEMBER_PHONENUM,MEMBER_QUESTION,MEMBER_ANSWER,MEMBER_EMAIL,MEMBER_ADDRESS,MEMBER_POST,MEMBER_ADDRESS2,ADMIN) values ('dfadfad','djwjfkrh1!','정수안','01099998888','당신이 가장 존경하는 사람은?','나','ttttyy@gmail.com','서울 강남구 강남대로 708(한남대교레인보우카폐)',6000,'날라리빌딩','N');
Insert into CTEAM.MEMBERJOIN (MEMBER_ID,MEMBER_PW,MEMBER_NAME,MEMBER_PHONENUM,MEMBER_QUESTION,MEMBER_ANSWER,MEMBER_EMAIL,MEMBER_ADDRESS,MEMBER_POST,MEMBER_ADDRESS2,ADMIN) values ('ddddd','R0uRQl','정수안','01022225555','당신이 가장 존경하는 사람은?','me','cgdem@gmail.com','대전 동구 판교1길 3',34672,'응응','N');
Insert into CTEAM.MEMBERJOIN (MEMBER_ID,MEMBER_PW,MEMBER_NAME,MEMBER_PHONENUM,MEMBER_QUESTION,MEMBER_ANSWER,MEMBER_EMAIL,MEMBER_ADDRESS,MEMBER_POST,MEMBER_ADDRESS2,ADMIN) values ('dfjakfdfa','djwjfkrh1!','정수안','01078994556','당신이 가장 존경하는 사람은?','me','fsadf@gmail.com','대전 동구 판교1길 3',34672,'아','N');
Insert into CTEAM.MEMBERJOIN (MEMBER_ID,MEMBER_PW,MEMBER_NAME,MEMBER_PHONENUM,MEMBER_QUESTION,MEMBER_ANSWER,MEMBER_EMAIL,MEMBER_ADDRESS,MEMBER_POST,MEMBER_ADDRESS2,ADMIN) values ('fdafdad','djwjfkrh1!','정수발','01122225555','당신의 보물 1호는?','you','dkfjak@naver.com','제주특별자치도 서귀포시 가가로 14',63534,'감귤밭','N');
Insert into CTEAM.MEMBERJOIN (MEMBER_ID,MEMBER_PW,MEMBER_NAME,MEMBER_PHONENUM,MEMBER_QUESTION,MEMBER_ANSWER,MEMBER_EMAIL,MEMBER_ADDRESS,MEMBER_POST,MEMBER_ADDRESS2,ADMIN) values ('dgfafafd','djwjfkrh1!','정수발','01033334444','당신의 반려동물의 이름은?','해일쓰','djfk@naver.com','서울 강남구 선릉로121길 5',61003,'강릉','N');
Insert into CTEAM.MEMBERJOIN (MEMBER_ID,MEMBER_PW,MEMBER_NAME,MEMBER_PHONENUM,MEMBER_QUESTION,MEMBER_ANSWER,MEMBER_EMAIL,MEMBER_ADDRESS,MEMBER_POST,MEMBER_ADDRESS2,ADMIN) values ('suanmu','suanmu','정수안무','01011112222','당신이 가장 존경하는 사람은?','조순섭쌤','cteam@gmail.com','제주특별자치도 서귀포시 가가로 14',22676,'포도','N');
Insert into CTEAM.MEMBERJOIN (MEMBER_ID,MEMBER_PW,MEMBER_NAME,MEMBER_PHONENUM,MEMBER_QUESTION,MEMBER_ANSWER,MEMBER_EMAIL,MEMBER_ADDRESS,MEMBER_POST,MEMBER_ADDRESS2,ADMIN) values ('suanmu11','Ssss0001!','정수안무','01012345678','당신이 가장 존경하는 사람은?','조순섭쌤','public-email@naver.com','제주특별자치도 서귀포시 가가로 14',59996,'블루베리','N');
Insert into CTEAM.MEMBERJOIN (MEMBER_ID,MEMBER_PW,MEMBER_NAME,MEMBER_PHONENUM,MEMBER_QUESTION,MEMBER_ANSWER,MEMBER_EMAIL,MEMBER_ADDRESS,MEMBER_POST,MEMBER_ADDRESS2,ADMIN) values ('jamong486','dlwodms1!','자몽이하인','1111111111','당신이 가장 존경하는 사람은?','정자몽','adgj9883@naver.com',null,null,'상세주소를 입력하세요','N');
Insert into CTEAM.MEMBERJOIN (MEMBER_ID,MEMBER_PW,MEMBER_NAME,MEMBER_PHONENUM,MEMBER_QUESTION,MEMBER_ANSWER,MEMBER_EMAIL,MEMBER_ADDRESS,MEMBER_POST,MEMBER_ADDRESS2,ADMIN) values ('orange1','mqOrft','정수안','01022222222','당신이 가장 존경하는 사람은?','나','nojobghost@gmail.com',null,null,null,'N');
Insert into CTEAM.MEMBERJOIN (MEMBER_ID,MEMBER_PW,MEMBER_NAME,MEMBER_PHONENUM,MEMBER_QUESTION,MEMBER_ANSWER,MEMBER_EMAIL,MEMBER_ADDRESS,MEMBER_POST,MEMBER_ADDRESS2,ADMIN) values ('dfadafd','xkfxkf1!','관리자','01020215489','당신이 가장 존경하는 사람은?','s','nojobghost@gmail.com',null,null,'상세주소를 입력하세요','N');
Insert into CTEAM.MEMBERJOIN (MEMBER_ID,MEMBER_PW,MEMBER_NAME,MEMBER_PHONENUM,MEMBER_QUESTION,MEMBER_ANSWER,MEMBER_EMAIL,MEMBER_ADDRESS,MEMBER_POST,MEMBER_ADDRESS2,ADMIN) values ('oks8204','1q2w3e4r!!','오경석','01051629436','당신의 반려동물의 이름은?','펫',null,null,null,null,'N');
Insert into CTEAM.MEMBERJOIN (MEMBER_ID,MEMBER_PW,MEMBER_NAME,MEMBER_PHONENUM,MEMBER_QUESTION,MEMBER_ANSWER,MEMBER_EMAIL,MEMBER_ADDRESS,MEMBER_POST,MEMBER_ADDRESS2,ADMIN) values ('tjdms5322','tjdms5322!','까비쥔','01099315322','당신의 반려동물의 이름은?','까비','tjdms5322@naver.com','광주 북구 양산택지소로 30(부영사랑으로)',61026,'105-702','N');
Insert into CTEAM.MEMBERJOIN (MEMBER_ID,MEMBER_PW,MEMBER_NAME,MEMBER_PHONENUM,MEMBER_QUESTION,MEMBER_ANSWER,MEMBER_EMAIL,MEMBER_ADDRESS,MEMBER_POST,MEMBER_ADDRESS2,ADMIN) values ('susususu','Susususu1!','정슈안','01012341234','당신의 보물 1호는?','순..',null,null,null,null,'N');
Insert into CTEAM.MEMBERJOIN (MEMBER_ID,MEMBER_PW,MEMBER_NAME,MEMBER_PHONENUM,MEMBER_QUESTION,MEMBER_ANSWER,MEMBER_EMAIL,MEMBER_ADDRESS,MEMBER_POST,MEMBER_ADDRESS2,ADMIN) values ('suanmu22','Suanmu11!','정슈앙','01011112222','당신이 가장 인상깊게 본 영화의 제목은?','순',null,null,null,null,'N');
Insert into CTEAM.MEMBERJOIN (MEMBER_ID,MEMBER_PW,MEMBER_NAME,MEMBER_PHONENUM,MEMBER_QUESTION,MEMBER_ANSWER,MEMBER_EMAIL,MEMBER_ADDRESS,MEMBER_POST,MEMBER_ADDRESS2,ADMIN) values ('ddddd1','znpwlsk1!','정수안','01080190092','당신의 보물 1호는?','d',null,null,null,null,'N');
Insert into CTEAM.MEMBERJOIN (MEMBER_ID,MEMBER_PW,MEMBER_NAME,MEMBER_PHONENUM,MEMBER_QUESTION,MEMBER_ANSWER,MEMBER_EMAIL,MEMBER_ADDRESS,MEMBER_POST,MEMBER_ADDRESS2,ADMIN) values ('zamongd','xkfwh1!','정수안','01056416464','당신이 가장 존경하는 사람은?','나','nojobghost@gmail.com','서울 강남구 양재대로 333',6313,'d','N');
Insert into CTEAM.MEMBERJOIN (MEMBER_ID,MEMBER_PW,MEMBER_NAME,MEMBER_PHONENUM,MEMBER_QUESTION,MEMBER_ANSWER,MEMBER_EMAIL,MEMBER_ADDRESS,MEMBER_POST,MEMBER_ADDRESS2,ADMIN) values ('dhrudtjr','1q2w3e4r!!','아라라','01051629436','당신의 반려동물의 이름은?','뽀삐	',null,null,null,null,'N');
Insert into CTEAM.MEMBERJOIN (MEMBER_ID,MEMBER_PW,MEMBER_NAME,MEMBER_PHONENUM,MEMBER_QUESTION,MEMBER_ANSWER,MEMBER_EMAIL,MEMBER_ADDRESS,MEMBER_POST,MEMBER_ADDRESS2,ADMIN) values ('ddddd2','dkfkfk1!','정수안','01078994556','당신이 가장 존경하는 사람은?','me','nojobghost@gmail.com','서울 강남구 압구정로 102(형지제2빌딩)',6027,'d','N');
Insert into CTEAM.MEMBERJOIN (MEMBER_ID,MEMBER_PW,MEMBER_NAME,MEMBER_PHONENUM,MEMBER_QUESTION,MEMBER_ANSWER,MEMBER_EMAIL,MEMBER_ADDRESS,MEMBER_POST,MEMBER_ADDRESS2,ADMIN) values ('ddddddd','xkfwh1!','정수안','13213131231','당신의 반려동물의 이름은?','해일','nojobghost@gmail.com','서울 강남구 양재대로 333',6313,'상세주소를 입력하세요','N');
Insert into CTEAM.MEMBERJOIN (MEMBER_ID,MEMBER_PW,MEMBER_NAME,MEMBER_PHONENUM,MEMBER_QUESTION,MEMBER_ANSWER,MEMBER_EMAIL,MEMBER_ADDRESS,MEMBER_POST,MEMBER_ADDRESS2,ADMIN) values ('dfafd','xkfwh1!','정수안','01078994556','당신이 가장 존경하는 사람은?','d','nojobghost@gmail.com','서울 강남구 양재천로 167',6302,'d','N');
Insert into CTEAM.MEMBERJOIN (MEMBER_ID,MEMBER_PW,MEMBER_NAME,MEMBER_PHONENUM,MEMBER_QUESTION,MEMBER_ANSWER,MEMBER_EMAIL,MEMBER_ADDRESS,MEMBER_POST,MEMBER_ADDRESS2,ADMIN) values ('ffdfad','xkfwh1!','전수안','01012412412','당신이 가장 존경하는 사람은?','d','nojobghost@gmail.com','서울 강남구 양재대로 333',6313,'d','N');
Insert into CTEAM.MEMBERJOIN (MEMBER_ID,MEMBER_PW,MEMBER_NAME,MEMBER_PHONENUM,MEMBER_QUESTION,MEMBER_ANSWER,MEMBER_EMAIL,MEMBER_ADDRESS,MEMBER_POST,MEMBER_ADDRESS2,ADMIN) values ('dfafdf','xkxkxk1!','정수안','01022223333','당신의 반려동물의 이름은?','ddd',null,null,null,null,'N');
Insert into CTEAM.MEMBERJOIN (MEMBER_ID,MEMBER_PW,MEMBER_NAME,MEMBER_PHONENUM,MEMBER_QUESTION,MEMBER_ANSWER,MEMBER_EMAIL,MEMBER_ADDRESS,MEMBER_POST,MEMBER_ADDRESS2,ADMIN) values ('dfadfdfd','znpwlsk1!','정수안','01022222222','당신의 반려동물의 이름은?','ddd','nojobghost@gmail.com','서울 강남구 압구정로 102(형지제2빌딩)',6027,'d','N');
Insert into CTEAM.MEMBERJOIN (MEMBER_ID,MEMBER_PW,MEMBER_NAME,MEMBER_PHONENUM,MEMBER_QUESTION,MEMBER_ANSWER,MEMBER_EMAIL,MEMBER_ADDRESS,MEMBER_POST,MEMBER_ADDRESS2,ADMIN) values ('medfadf','znpwlsk1!','정수안','01080190092','당신이 가장 존경하는 사람은?','나','nojobghost@gmail.com','서울 강남구 양재대로 333',6313,'상세주소를 입력하세요','N');
Insert into CTEAM.MEMBERJOIN (MEMBER_ID,MEMBER_PW,MEMBER_NAME,MEMBER_PHONENUM,MEMBER_QUESTION,MEMBER_ANSWER,MEMBER_EMAIL,MEMBER_ADDRESS,MEMBER_POST,MEMBER_ADDRESS2,ADMIN) values ('dfafdfad','xkfwh1!','정수안','01041214214','당신이 가장 존경하는 사람은?','너ㅏ','public-email@naver.com','서울 강남구 양재대로 333',6313,'감귤밭','N');
Insert into CTEAM.MEMBERJOIN (MEMBER_ID,MEMBER_PW,MEMBER_NAME,MEMBER_PHONENUM,MEMBER_QUESTION,MEMBER_ANSWER,MEMBER_EMAIL,MEMBER_ADDRESS,MEMBER_POST,MEMBER_ADDRESS2,ADMIN) values ('meffe','xkfwh1!','정수안','01022333233','당신이 가장 존경하는 사람은?','나ㅡ','public-email@naver.com','서울 강남구 양재천로 163(바디프랜드 도곡타워)',6302,'상세주소를 입력하세요','N');
Insert into CTEAM.MEMBERJOIN (MEMBER_ID,MEMBER_PW,MEMBER_NAME,MEMBER_PHONENUM,MEMBER_QUESTION,MEMBER_ANSWER,MEMBER_EMAIL,MEMBER_ADDRESS,MEMBER_POST,MEMBER_ADDRESS2,ADMIN) values ('cteam11','Cteam11!','정수안무','01012341234','당신의 보물 1호는?','해일',null,null,null,null,'N');
Insert into CTEAM.MEMBERJOIN (MEMBER_ID,MEMBER_PW,MEMBER_NAME,MEMBER_PHONENUM,MEMBER_QUESTION,MEMBER_ANSWER,MEMBER_EMAIL,MEMBER_ADDRESS,MEMBER_POST,MEMBER_ADDRESS2,ADMIN) values ('cteam00','Sssss000!','정수안','01011115555','당신의 보물 1호는?','해일',null,null,null,null,'N');
REM INSERTING into CTEAM.NOTICE
SET DEFINE OFF;
Insert into CTEAM.NOTICE (ID,TITLE,CONTENT,WRITER,WRITEDATE,READCNT,FILENAME,FILEPATH,ROOT,STEP,INDENT) values (28,'2020년 재외교육기관포털 사업 수행기관 공모','[교육부 공고 제2020-318호]
 

공모

 

「재외교육기관포털 운영 사업」을 전문적이고 체계적으로 수행할 기관을 아래와 같이 공모·선정하고자 하오니, 관심 있는 기관에서는 신청하여 주시기 바랍니다.

 

 

2020. 10. 12.

 

부총리 겸 교육부장관','admin',to_date('20/10/16','RR/MM/DD'),1,null,null,28,0,0);
Insert into CTEAM.NOTICE (ID,TITLE,CONTENT,WRITER,WRITEDATE,READCNT,FILENAME,FILEPATH,ROOT,STEP,INDENT) values (27,'법학전문대학원 설치운영에 관한 법률 시행령 일부개정령(안) 입법예고','교육부 공고 제2020 - 368 호


  「법학전문대학원 설치·운영에 관한 법률 시행령」을 개정함에 있어 그 개정 이유와 주요 내용을 국민에게 미리 알려 이에 대한 의견을 듣고자 행정절차법 제41조에 따라 다음과 같이 공고합니다.



2020년  10월 14일


부총리 겸 교육부장관','admin',to_date('20/10/16','RR/MM/DD'),0,null,null,27,0,0);
Insert into CTEAM.NOTICE (ID,TITLE,CONTENT,WRITER,WRITEDATE,READCNT,FILENAME,FILEPATH,ROOT,STEP,INDENT) values (29,'2020년 정책연구과제(“조직진단을 통한 거점 국립대학의 인력 효율화 방안 연구") 연구자 선정 재공모','교육부에서는 2020년 정책연구과제(“조직진단을 통한 거점 국립대학의 인력 효율화 방안 연구")를 수행할 연구자를 재공모하오니

해당 연구과제를 수행하고자 하는 연구자께서는 아래의 절차에 따라 신청하여 주시기 바랍니다.

 

□ 응모 방법

ㅇ 제출 서류 : 정책연구 제안서 ([별첨 2] 서식 참조)

- 정책연구 제안서는 공문없이 신청서 표지에 계약체결기관 직인 날인 후 제출(표지 PDF파일 형태)

- 정책연구 제안서 작성과 관련된 구체적인 사항은 담당부서의 연구협력관에게 문의하시기 바라며,

   연구비 소요액은 [별첨 1]연구과제별 연구비 한도내에서 [별첨 3] ‘정책연구용역비 산정기준 안내’에 따라 작성

 

ㅇ 제출기한 : 2020. 10. 13.(화) 18:00까지

 

ㅇ 제출방법 : 제안서(한글 파일) 및 표지(PDF 파일)를 전자우편으로 제출

- 담당부서 연구협력관 메일[별첨 1] 및 기획담당관 이경은 사무관(lkeun115@korea.kr)메일로 동시 제출

* 개인정보 수집 이용 및 제3자 제공동의서([별첨 4])는 담당부서 연구협력관에게만 제출

- 제출 전자우편 제목은 ‘과제명-소속기관-책임연구원 성명’으로 기재하고, 내용에 연락처(휴대전화번호)를 반드시 기재

- 정책연구 제안서 접수 확인은 메일로 회신하며, 접수 회신이 없는 경우 연구협력관에게 전화로 문의 요망

 

※ 자세한 내용은 첨부파일을 참고하여 주시기 바랍니다.','admin',to_date('20/10/16','RR/MM/DD'),3,null,null,29,0,0);
Insert into CTEAM.NOTICE (ID,TITLE,CONTENT,WRITER,WRITEDATE,READCNT,FILENAME,FILEPATH,ROOT,STEP,INDENT) values (31,'확인했습니다','확인','admin',to_date('20/10/16','RR/MM/DD'),0,null,null,30,1,1);
Insert into CTEAM.NOTICE (ID,TITLE,CONTENT,WRITER,WRITEDATE,READCNT,FILENAME,FILEPATH,ROOT,STEP,INDENT) values (26,'개인정보 처리방침 개정안내','녕하세요. 카카오(이하 ‘회사’)입니다.



서비스를 이용해 주시는 이용자 여러분께 감사드리며, 새로운 개인정보 처리방침 적용에 관한 안내 말씀 드립니다



회사는 이용자 여러분의 개인정보를 무엇보다 소중하게 처리하고 있으며, 어떤 사안보다도 우선하여 안전하게 관리하고 있습니다.



새롭게 변경될 개인정보 처리방침 내용을 확인하시고 서비스 이용에 참고하시기 바랍니다.





1. 변경 사항



  1) 개인정보 수집 항목이 추가됩니다.
    - 서비스 변경에 따라 ''멜론'' 서비스에서 수집하는 항목이 추가됩니다.

image


  2) 개인정보 제공 항목이 추가됩니다.
    - 서비스 변경에 따라 ''멜론'' 서비스에서 제공하는 항목이 추가됩니다.

image



2. 변경 시기



 변경된 개인정보 처리방침은 2020년 06월 29일(월)자로 효력이 발생됩니다.







3. 문의 및 동의 철회



새로운 개인정보 처리방침 내용에 동의하지 않으시는 경우, 각 서비스 내에서 “탈퇴”를 신청하여 회원 탈퇴를 하실 수 있습니다.



개인정보 처리방침 내용에 대한 문의사항이 있으신 경우, 

개인정보보호 담당부서(카카오: 고객센터 / 멜론 고객센터: melon_privacy@kakaocorp.com) 로 문의주시면 친절하게 안내해 드리겠습니다.



회사는 앞으로도 이용자의 개인정보를 보다 안전하게 보호할 것을 약속드리며, 신뢰받는 서비스로 보답하겠습니다.



감사합니다.    ','admin',to_date('20/10/16','RR/MM/DD'),1,null,null,26,0,0);
Insert into CTEAM.NOTICE (ID,TITLE,CONTENT,WRITER,WRITEDATE,READCNT,FILENAME,FILEPATH,ROOT,STEP,INDENT) values (30,'2020년 제9차 민간자격 등록폐지 공고','[교육부 공고 제2020-363호]

 

자격기본법 제18조의3 제2항 및 제18조의4에 의거 우리부에 등록폐지를 신고한 민간자격에 대하여 같은 법 시행령 제23조의5 제2항 및 제3항의 규정에 따라 붙임과 같이 공고합니다.

 

2020.10.8.','admin',to_date('20/10/16','RR/MM/DD'),9,null,null,30,0,0);
Insert into CTEAM.NOTICE (ID,TITLE,CONTENT,WRITER,WRITEDATE,READCNT,FILENAME,FILEPATH,ROOT,STEP,INDENT) values (153,'2020년 재외교육기관포털 사업 수행기관 공모','[교육부 공고 제2020-318호]
 

공모

 

「재외교육기관포털 운영 사업」을 전문적이고 체계적으로 수행할 기관을 아래와 같이 공모·선정하고자 하오니, 관심 있는 기관에서는 신청하여 주시기 바랍니다.

 

 

2020. 10. 12.

 

부총리 겸 교육부장관','admin',to_date('20/10/16','RR/MM/DD'),1,null,null,153,0,0);
Insert into CTEAM.NOTICE (ID,TITLE,CONTENT,WRITER,WRITEDATE,READCNT,FILENAME,FILEPATH,ROOT,STEP,INDENT) values (154,'법학전문대학원 설치운영에 관한 법률 시행령 일부개정령(안) 입법예고','교육부 공고 제2020 - 368 호


  「법학전문대학원 설치·운영에 관한 법률 시행령」을 개정함에 있어 그 개정 이유와 주요 내용을 국민에게 미리 알려 이에 대한 의견을 듣고자 행정절차법 제41조에 따라 다음과 같이 공고합니다.



2020년  10월 14일


부총리 겸 교육부장관','admin',to_date('20/10/16','RR/MM/DD'),0,null,null,154,0,0);
Insert into CTEAM.NOTICE (ID,TITLE,CONTENT,WRITER,WRITEDATE,READCNT,FILENAME,FILEPATH,ROOT,STEP,INDENT) values (155,'2020년 정책연구과제(“조직진단을 통한 거점 국립대학의 인력 효율화 방안 연구") 연구자 선정 재공모','교육부에서는 2020년 정책연구과제(“조직진단을 통한 거점 국립대학의 인력 효율화 방안 연구")를 수행할 연구자를 재공모하오니

해당 연구과제를 수행하고자 하는 연구자께서는 아래의 절차에 따라 신청하여 주시기 바랍니다.

 

□ 응모 방법

ㅇ 제출 서류 : 정책연구 제안서 ([별첨 2] 서식 참조)

- 정책연구 제안서는 공문없이 신청서 표지에 계약체결기관 직인 날인 후 제출(표지 PDF파일 형태)

- 정책연구 제안서 작성과 관련된 구체적인 사항은 담당부서의 연구협력관에게 문의하시기 바라며,

   연구비 소요액은 [별첨 1]연구과제별 연구비 한도내에서 [별첨 3] ‘정책연구용역비 산정기준 안내’에 따라 작성

 

ㅇ 제출기한 : 2020. 10. 13.(화) 18:00까지

 

ㅇ 제출방법 : 제안서(한글 파일) 및 표지(PDF 파일)를 전자우편으로 제출

- 담당부서 연구협력관 메일[별첨 1] 및 기획담당관 이경은 사무관(lkeun115@korea.kr)메일로 동시 제출

* 개인정보 수집 이용 및 제3자 제공동의서([별첨 4])는 담당부서 연구협력관에게만 제출

- 제출 전자우편 제목은 ‘과제명-소속기관-책임연구원 성명’으로 기재하고, 내용에 연락처(휴대전화번호)를 반드시 기재

- 정책연구 제안서 접수 확인은 메일로 회신하며, 접수 회신이 없는 경우 연구협력관에게 전화로 문의 요망

 

※ 자세한 내용은 첨부파일을 참고하여 주시기 바랍니다.','admin',to_date('20/10/16','RR/MM/DD'),3,null,null,155,0,0);
Insert into CTEAM.NOTICE (ID,TITLE,CONTENT,WRITER,WRITEDATE,READCNT,FILENAME,FILEPATH,ROOT,STEP,INDENT) values (156,'확인했습니다','확인','admin',to_date('20/10/16','RR/MM/DD'),0,null,null,155,1,1);
Insert into CTEAM.NOTICE (ID,TITLE,CONTENT,WRITER,WRITEDATE,READCNT,FILENAME,FILEPATH,ROOT,STEP,INDENT) values (157,'개인정보 처리방침 개정안내','녕하세요. 카카오(이하 ‘회사’)입니다.



서비스를 이용해 주시는 이용자 여러분께 감사드리며, 새로운 개인정보 처리방침 적용에 관한 안내 말씀 드립니다



회사는 이용자 여러분의 개인정보를 무엇보다 소중하게 처리하고 있으며, 어떤 사안보다도 우선하여 안전하게 관리하고 있습니다.



새롭게 변경될 개인정보 처리방침 내용을 확인하시고 서비스 이용에 참고하시기 바랍니다.





1. 변경 사항



  1) 개인정보 수집 항목이 추가됩니다.
    - 서비스 변경에 따라 ''멜론'' 서비스에서 수집하는 항목이 추가됩니다.

image


  2) 개인정보 제공 항목이 추가됩니다.
    - 서비스 변경에 따라 ''멜론'' 서비스에서 제공하는 항목이 추가됩니다.

image



2. 변경 시기



 변경된 개인정보 처리방침은 2020년 06월 29일(월)자로 효력이 발생됩니다.







3. 문의 및 동의 철회



새로운 개인정보 처리방침 내용에 동의하지 않으시는 경우, 각 서비스 내에서 “탈퇴”를 신청하여 회원 탈퇴를 하실 수 있습니다.



개인정보 처리방침 내용에 대한 문의사항이 있으신 경우, 

개인정보보호 담당부서(카카오: 고객센터 / 멜론 고객센터: melon_privacy@kakaocorp.com) 로 문의주시면 친절하게 안내해 드리겠습니다.



회사는 앞으로도 이용자의 개인정보를 보다 안전하게 보호할 것을 약속드리며, 신뢰받는 서비스로 보답하겠습니다.



감사합니다.    ','admin',to_date('20/10/16','RR/MM/DD'),1,null,null,157,0,0);
Insert into CTEAM.NOTICE (ID,TITLE,CONTENT,WRITER,WRITEDATE,READCNT,FILENAME,FILEPATH,ROOT,STEP,INDENT) values (158,'2020년 제9차 민간자격 등록폐지 공고','[교육부 공고 제2020-363호]

 

자격기본법 제18조의3 제2항 및 제18조의4에 의거 우리부에 등록폐지를 신고한 민간자격에 대하여 같은 법 시행령 제23조의5 제2항 및 제3항의 규정에 따라 붙임과 같이 공고합니다.

 

2020.10.8.','admin',to_date('20/10/16','RR/MM/DD'),6,null,null,158,0,0);
Insert into CTEAM.NOTICE (ID,TITLE,CONTENT,WRITER,WRITEDATE,READCNT,FILENAME,FILEPATH,ROOT,STEP,INDENT) values (159,'2020년 재외교육기관포털 사업 수행기관 공모','[교육부 공고 제2020-318호]
 

공모

 

「재외교육기관포털 운영 사업」을 전문적이고 체계적으로 수행할 기관을 아래와 같이 공모·선정하고자 하오니, 관심 있는 기관에서는 신청하여 주시기 바랍니다.

 

 

2020. 10. 12.

 

부총리 겸 교육부장관','admin',to_date('20/10/16','RR/MM/DD'),1,null,null,159,0,0);
Insert into CTEAM.NOTICE (ID,TITLE,CONTENT,WRITER,WRITEDATE,READCNT,FILENAME,FILEPATH,ROOT,STEP,INDENT) values (160,'법학전문대학원 설치운영에 관한 법률 시행령 일부개정령(안) 입법예고','교육부 공고 제2020 - 368 호


  「법학전문대학원 설치·운영에 관한 법률 시행령」을 개정함에 있어 그 개정 이유와 주요 내용을 국민에게 미리 알려 이에 대한 의견을 듣고자 행정절차법 제41조에 따라 다음과 같이 공고합니다.



2020년  10월 14일


부총리 겸 교육부장관','admin',to_date('20/10/16','RR/MM/DD'),0,null,null,160,0,0);
Insert into CTEAM.NOTICE (ID,TITLE,CONTENT,WRITER,WRITEDATE,READCNT,FILENAME,FILEPATH,ROOT,STEP,INDENT) values (161,'2020년 정책연구과제(“조직진단을 통한 거점 국립대학의 인력 효율화 방안 연구") 연구자 선정 재공모','교육부에서는 2020년 정책연구과제(“조직진단을 통한 거점 국립대학의 인력 효율화 방안 연구")를 수행할 연구자를 재공모하오니

해당 연구과제를 수행하고자 하는 연구자께서는 아래의 절차에 따라 신청하여 주시기 바랍니다.

 

□ 응모 방법

ㅇ 제출 서류 : 정책연구 제안서 ([별첨 2] 서식 참조)

- 정책연구 제안서는 공문없이 신청서 표지에 계약체결기관 직인 날인 후 제출(표지 PDF파일 형태)

- 정책연구 제안서 작성과 관련된 구체적인 사항은 담당부서의 연구협력관에게 문의하시기 바라며,

   연구비 소요액은 [별첨 1]연구과제별 연구비 한도내에서 [별첨 3] ‘정책연구용역비 산정기준 안내’에 따라 작성

 

ㅇ 제출기한 : 2020. 10. 13.(화) 18:00까지

 

ㅇ 제출방법 : 제안서(한글 파일) 및 표지(PDF 파일)를 전자우편으로 제출

- 담당부서 연구협력관 메일[별첨 1] 및 기획담당관 이경은 사무관(lkeun115@korea.kr)메일로 동시 제출

* 개인정보 수집 이용 및 제3자 제공동의서([별첨 4])는 담당부서 연구협력관에게만 제출

- 제출 전자우편 제목은 ‘과제명-소속기관-책임연구원 성명’으로 기재하고, 내용에 연락처(휴대전화번호)를 반드시 기재

- 정책연구 제안서 접수 확인은 메일로 회신하며, 접수 회신이 없는 경우 연구협력관에게 전화로 문의 요망

 

※ 자세한 내용은 첨부파일을 참고하여 주시기 바랍니다.','admin',to_date('20/10/16','RR/MM/DD'),3,null,null,161,0,0);
Insert into CTEAM.NOTICE (ID,TITLE,CONTENT,WRITER,WRITEDATE,READCNT,FILENAME,FILEPATH,ROOT,STEP,INDENT) values (162,'확인했습니다','확인','admin',to_date('20/10/16','RR/MM/DD'),0,null,null,161,1,1);
Insert into CTEAM.NOTICE (ID,TITLE,CONTENT,WRITER,WRITEDATE,READCNT,FILENAME,FILEPATH,ROOT,STEP,INDENT) values (163,'개인정보 처리방침 개정안내','녕하세요. 카카오(이하 ‘회사’)입니다.



서비스를 이용해 주시는 이용자 여러분께 감사드리며, 새로운 개인정보 처리방침 적용에 관한 안내 말씀 드립니다



회사는 이용자 여러분의 개인정보를 무엇보다 소중하게 처리하고 있으며, 어떤 사안보다도 우선하여 안전하게 관리하고 있습니다.



새롭게 변경될 개인정보 처리방침 내용을 확인하시고 서비스 이용에 참고하시기 바랍니다.





1. 변경 사항



  1) 개인정보 수집 항목이 추가됩니다.
    - 서비스 변경에 따라 ''멜론'' 서비스에서 수집하는 항목이 추가됩니다.

image


  2) 개인정보 제공 항목이 추가됩니다.
    - 서비스 변경에 따라 ''멜론'' 서비스에서 제공하는 항목이 추가됩니다.

image



2. 변경 시기



 변경된 개인정보 처리방침은 2020년 06월 29일(월)자로 효력이 발생됩니다.







3. 문의 및 동의 철회



새로운 개인정보 처리방침 내용에 동의하지 않으시는 경우, 각 서비스 내에서 “탈퇴”를 신청하여 회원 탈퇴를 하실 수 있습니다.



개인정보 처리방침 내용에 대한 문의사항이 있으신 경우, 

개인정보보호 담당부서(카카오: 고객센터 / 멜론 고객센터: melon_privacy@kakaocorp.com) 로 문의주시면 친절하게 안내해 드리겠습니다.



회사는 앞으로도 이용자의 개인정보를 보다 안전하게 보호할 것을 약속드리며, 신뢰받는 서비스로 보답하겠습니다.



감사합니다.    ','admin',to_date('20/10/16','RR/MM/DD'),1,null,null,163,0,0);
Insert into CTEAM.NOTICE (ID,TITLE,CONTENT,WRITER,WRITEDATE,READCNT,FILENAME,FILEPATH,ROOT,STEP,INDENT) values (164,'2020년 제9차 민간자격 등록폐지 공고','[교육부 공고 제2020-363호]

 

자격기본법 제18조의3 제2항 및 제18조의4에 의거 우리부에 등록폐지를 신고한 민간자격에 대하여 같은 법 시행령 제23조의5 제2항 및 제3항의 규정에 따라 붙임과 같이 공고합니다.

 

2020.10.8.','admin',to_date('20/10/16','RR/MM/DD'),6,null,null,164,0,0);
Insert into CTEAM.NOTICE (ID,TITLE,CONTENT,WRITER,WRITEDATE,READCNT,FILENAME,FILEPATH,ROOT,STEP,INDENT) values (165,'2020년 재외교육기관포털 사업 수행기관 공모','[교육부 공고 제2020-318호]
 

공모

 

「재외교육기관포털 운영 사업」을 전문적이고 체계적으로 수행할 기관을 아래와 같이 공모·선정하고자 하오니, 관심 있는 기관에서는 신청하여 주시기 바랍니다.

 

 

2020. 10. 12.

 

부총리 겸 교육부장관','admin',to_date('20/10/16','RR/MM/DD'),2,null,null,165,0,0);
Insert into CTEAM.NOTICE (ID,TITLE,CONTENT,WRITER,WRITEDATE,READCNT,FILENAME,FILEPATH,ROOT,STEP,INDENT) values (166,'법학전문대학원 설치운영에 관한 법률 시행령 일부개정령(안) 입법예고','교육부 공고 제2020 - 368 호


  「법학전문대학원 설치·운영에 관한 법률 시행령」을 개정함에 있어 그 개정 이유와 주요 내용을 국민에게 미리 알려 이에 대한 의견을 듣고자 행정절차법 제41조에 따라 다음과 같이 공고합니다.



2020년  10월 14일


부총리 겸 교육부장관','admin',to_date('20/10/16','RR/MM/DD'),0,null,null,166,0,0);
Insert into CTEAM.NOTICE (ID,TITLE,CONTENT,WRITER,WRITEDATE,READCNT,FILENAME,FILEPATH,ROOT,STEP,INDENT) values (167,'2020년 정책연구과제(“조직진단을 통한 거점 국립대학의 인력 효율화 방안 연구") 연구자 선정 재공모','교육부에서는 2020년 정책연구과제(“조직진단을 통한 거점 국립대학의 인력 효율화 방안 연구")를 수행할 연구자를 재공모하오니

해당 연구과제를 수행하고자 하는 연구자께서는 아래의 절차에 따라 신청하여 주시기 바랍니다.

 

□ 응모 방법

ㅇ 제출 서류 : 정책연구 제안서 ([별첨 2] 서식 참조)

- 정책연구 제안서는 공문없이 신청서 표지에 계약체결기관 직인 날인 후 제출(표지 PDF파일 형태)

- 정책연구 제안서 작성과 관련된 구체적인 사항은 담당부서의 연구협력관에게 문의하시기 바라며,

   연구비 소요액은 [별첨 1]연구과제별 연구비 한도내에서 [별첨 3] ‘정책연구용역비 산정기준 안내’에 따라 작성

 

ㅇ 제출기한 : 2020. 10. 13.(화) 18:00까지

 

ㅇ 제출방법 : 제안서(한글 파일) 및 표지(PDF 파일)를 전자우편으로 제출

- 담당부서 연구협력관 메일[별첨 1] 및 기획담당관 이경은 사무관(lkeun115@korea.kr)메일로 동시 제출

* 개인정보 수집 이용 및 제3자 제공동의서([별첨 4])는 담당부서 연구협력관에게만 제출

- 제출 전자우편 제목은 ‘과제명-소속기관-책임연구원 성명’으로 기재하고, 내용에 연락처(휴대전화번호)를 반드시 기재

- 정책연구 제안서 접수 확인은 메일로 회신하며, 접수 회신이 없는 경우 연구협력관에게 전화로 문의 요망

 

※ 자세한 내용은 첨부파일을 참고하여 주시기 바랍니다.','admin',to_date('20/10/16','RR/MM/DD'),3,null,null,167,0,0);
Insert into CTEAM.NOTICE (ID,TITLE,CONTENT,WRITER,WRITEDATE,READCNT,FILENAME,FILEPATH,ROOT,STEP,INDENT) values (168,'확인했습니다','확인','admin',to_date('20/10/16','RR/MM/DD'),0,null,null,167,1,1);
Insert into CTEAM.NOTICE (ID,TITLE,CONTENT,WRITER,WRITEDATE,READCNT,FILENAME,FILEPATH,ROOT,STEP,INDENT) values (169,'개인정보 처리방침 개정안내','녕하세요. 카카오(이하 ‘회사’)입니다.



서비스를 이용해 주시는 이용자 여러분께 감사드리며, 새로운 개인정보 처리방침 적용에 관한 안내 말씀 드립니다



회사는 이용자 여러분의 개인정보를 무엇보다 소중하게 처리하고 있으며, 어떤 사안보다도 우선하여 안전하게 관리하고 있습니다.



새롭게 변경될 개인정보 처리방침 내용을 확인하시고 서비스 이용에 참고하시기 바랍니다.





1. 변경 사항



  1) 개인정보 수집 항목이 추가됩니다.
    - 서비스 변경에 따라 ''멜론'' 서비스에서 수집하는 항목이 추가됩니다.

image


  2) 개인정보 제공 항목이 추가됩니다.
    - 서비스 변경에 따라 ''멜론'' 서비스에서 제공하는 항목이 추가됩니다.

image



2. 변경 시기



 변경된 개인정보 처리방침은 2020년 06월 29일(월)자로 효력이 발생됩니다.







3. 문의 및 동의 철회



새로운 개인정보 처리방침 내용에 동의하지 않으시는 경우, 각 서비스 내에서 “탈퇴”를 신청하여 회원 탈퇴를 하실 수 있습니다.



개인정보 처리방침 내용에 대한 문의사항이 있으신 경우, 

개인정보보호 담당부서(카카오: 고객센터 / 멜론 고객센터: melon_privacy@kakaocorp.com) 로 문의주시면 친절하게 안내해 드리겠습니다.



회사는 앞으로도 이용자의 개인정보를 보다 안전하게 보호할 것을 약속드리며, 신뢰받는 서비스로 보답하겠습니다.



감사합니다.    ','admin',to_date('20/10/16','RR/MM/DD'),2,null,null,169,0,0);
Insert into CTEAM.NOTICE (ID,TITLE,CONTENT,WRITER,WRITEDATE,READCNT,FILENAME,FILEPATH,ROOT,STEP,INDENT) values (170,'2020년 제9차 민간자격 등록폐지 공고','[교육부 공고 제2020-363호]

 

자격기본법 제18조의3 제2항 및 제18조의4에 의거 우리부에 등록폐지를 신고한 민간자격에 대하여 같은 법 시행령 제23조의5 제2항 및 제3항의 규정에 따라 붙임과 같이 공고합니다.

 

2020.10.8.','admin',to_date('20/10/16','RR/MM/DD'),6,null,null,170,0,0);
Insert into CTEAM.NOTICE (ID,TITLE,CONTENT,WRITER,WRITEDATE,READCNT,FILENAME,FILEPATH,ROOT,STEP,INDENT) values (171,'2020년 재외교육기관포털 사업 수행기관 공모','[교육부 공고 제2020-318호]
 

공모

 

「재외교육기관포털 운영 사업」을 전문적이고 체계적으로 수행할 기관을 아래와 같이 공모·선정하고자 하오니, 관심 있는 기관에서는 신청하여 주시기 바랍니다.

 

 

2020. 10. 12.

 

부총리 겸 교육부장관','admin',to_date('20/10/16','RR/MM/DD'),1,null,null,171,0,0);
Insert into CTEAM.NOTICE (ID,TITLE,CONTENT,WRITER,WRITEDATE,READCNT,FILENAME,FILEPATH,ROOT,STEP,INDENT) values (172,'법학전문대학원 설치운영에 관한 법률 시행령 일부개정령(안) 입법예고','교육부 공고 제2020 - 368 호


  「법학전문대학원 설치·운영에 관한 법률 시행령」을 개정함에 있어 그 개정 이유와 주요 내용을 국민에게 미리 알려 이에 대한 의견을 듣고자 행정절차법 제41조에 따라 다음과 같이 공고합니다.



2020년  10월 14일


부총리 겸 교육부장관','admin',to_date('20/10/16','RR/MM/DD'),0,null,null,172,0,0);
Insert into CTEAM.NOTICE (ID,TITLE,CONTENT,WRITER,WRITEDATE,READCNT,FILENAME,FILEPATH,ROOT,STEP,INDENT) values (173,'2020년 정책연구과제(“조직진단을 통한 거점 국립대학의 인력 효율화 방안 연구") 연구자 선정 재공모','교육부에서는 2020년 정책연구과제(“조직진단을 통한 거점 국립대학의 인력 효율화 방안 연구")를 수행할 연구자를 재공모하오니

해당 연구과제를 수행하고자 하는 연구자께서는 아래의 절차에 따라 신청하여 주시기 바랍니다.

 

□ 응모 방법

ㅇ 제출 서류 : 정책연구 제안서 ([별첨 2] 서식 참조)

- 정책연구 제안서는 공문없이 신청서 표지에 계약체결기관 직인 날인 후 제출(표지 PDF파일 형태)

- 정책연구 제안서 작성과 관련된 구체적인 사항은 담당부서의 연구협력관에게 문의하시기 바라며,

   연구비 소요액은 [별첨 1]연구과제별 연구비 한도내에서 [별첨 3] ‘정책연구용역비 산정기준 안내’에 따라 작성

 

ㅇ 제출기한 : 2020. 10. 13.(화) 18:00까지

 

ㅇ 제출방법 : 제안서(한글 파일) 및 표지(PDF 파일)를 전자우편으로 제출

- 담당부서 연구협력관 메일[별첨 1] 및 기획담당관 이경은 사무관(lkeun115@korea.kr)메일로 동시 제출

* 개인정보 수집 이용 및 제3자 제공동의서([별첨 4])는 담당부서 연구협력관에게만 제출

- 제출 전자우편 제목은 ‘과제명-소속기관-책임연구원 성명’으로 기재하고, 내용에 연락처(휴대전화번호)를 반드시 기재

- 정책연구 제안서 접수 확인은 메일로 회신하며, 접수 회신이 없는 경우 연구협력관에게 전화로 문의 요망

 

※ 자세한 내용은 첨부파일을 참고하여 주시기 바랍니다.','admin',to_date('20/10/16','RR/MM/DD'),3,null,null,173,0,0);
Insert into CTEAM.NOTICE (ID,TITLE,CONTENT,WRITER,WRITEDATE,READCNT,FILENAME,FILEPATH,ROOT,STEP,INDENT) values (174,'확인했습니다','확인','admin',to_date('20/10/16','RR/MM/DD'),0,null,null,173,1,1);
Insert into CTEAM.NOTICE (ID,TITLE,CONTENT,WRITER,WRITEDATE,READCNT,FILENAME,FILEPATH,ROOT,STEP,INDENT) values (175,'개인정보 처리방침 개정안내','녕하세요. 카카오(이하 ‘회사’)입니다.



서비스를 이용해 주시는 이용자 여러분께 감사드리며, 새로운 개인정보 처리방침 적용에 관한 안내 말씀 드립니다



회사는 이용자 여러분의 개인정보를 무엇보다 소중하게 처리하고 있으며, 어떤 사안보다도 우선하여 안전하게 관리하고 있습니다.



새롭게 변경될 개인정보 처리방침 내용을 확인하시고 서비스 이용에 참고하시기 바랍니다.





1. 변경 사항



  1) 개인정보 수집 항목이 추가됩니다.
    - 서비스 변경에 따라 ''멜론'' 서비스에서 수집하는 항목이 추가됩니다.

image


  2) 개인정보 제공 항목이 추가됩니다.
    - 서비스 변경에 따라 ''멜론'' 서비스에서 제공하는 항목이 추가됩니다.

image



2. 변경 시기



 변경된 개인정보 처리방침은 2020년 06월 29일(월)자로 효력이 발생됩니다.







3. 문의 및 동의 철회



새로운 개인정보 처리방침 내용에 동의하지 않으시는 경우, 각 서비스 내에서 “탈퇴”를 신청하여 회원 탈퇴를 하실 수 있습니다.



개인정보 처리방침 내용에 대한 문의사항이 있으신 경우, 

개인정보보호 담당부서(카카오: 고객센터 / 멜론 고객센터: melon_privacy@kakaocorp.com) 로 문의주시면 친절하게 안내해 드리겠습니다.



회사는 앞으로도 이용자의 개인정보를 보다 안전하게 보호할 것을 약속드리며, 신뢰받는 서비스로 보답하겠습니다.



감사합니다.    ','admin',to_date('20/10/16','RR/MM/DD'),1,null,null,175,0,0);
Insert into CTEAM.NOTICE (ID,TITLE,CONTENT,WRITER,WRITEDATE,READCNT,FILENAME,FILEPATH,ROOT,STEP,INDENT) values (176,'2020년 제9차 민간자격 등록폐지 공고','[교육부 공고 제2020-363호]

 

자격기본법 제18조의3 제2항 및 제18조의4에 의거 우리부에 등록폐지를 신고한 민간자격에 대하여 같은 법 시행령 제23조의5 제2항 및 제3항의 규정에 따라 붙임과 같이 공고합니다.

 

2020.10.8.','admin',to_date('20/10/16','RR/MM/DD'),6,null,null,176,0,0);
Insert into CTEAM.NOTICE (ID,TITLE,CONTENT,WRITER,WRITEDATE,READCNT,FILENAME,FILEPATH,ROOT,STEP,INDENT) values (177,'2020년 재외교육기관포털 사업 수행기관 공모','[교육부 공고 제2020-318호]
 

공모

 

「재외교육기관포털 운영 사업」을 전문적이고 체계적으로 수행할 기관을 아래와 같이 공모·선정하고자 하오니, 관심 있는 기관에서는 신청하여 주시기 바랍니다.

 

 

2020. 10. 12.

 

부총리 겸 교육부장관','admin',to_date('20/10/16','RR/MM/DD'),1,null,null,177,0,0);
Insert into CTEAM.NOTICE (ID,TITLE,CONTENT,WRITER,WRITEDATE,READCNT,FILENAME,FILEPATH,ROOT,STEP,INDENT) values (178,'법학전문대학원 설치운영에 관한 법률 시행령 일부개정령(안) 입법예고','교육부 공고 제2020 - 368 호


  「법학전문대학원 설치·운영에 관한 법률 시행령」을 개정함에 있어 그 개정 이유와 주요 내용을 국민에게 미리 알려 이에 대한 의견을 듣고자 행정절차법 제41조에 따라 다음과 같이 공고합니다.



2020년  10월 14일


부총리 겸 교육부장관','admin',to_date('20/10/16','RR/MM/DD'),0,null,null,178,0,0);
Insert into CTEAM.NOTICE (ID,TITLE,CONTENT,WRITER,WRITEDATE,READCNT,FILENAME,FILEPATH,ROOT,STEP,INDENT) values (179,'2020년 정책연구과제(“조직진단을 통한 거점 국립대학의 인력 효율화 방안 연구") 연구자 선정 재공모','교육부에서는 2020년 정책연구과제(“조직진단을 통한 거점 국립대학의 인력 효율화 방안 연구")를 수행할 연구자를 재공모하오니

해당 연구과제를 수행하고자 하는 연구자께서는 아래의 절차에 따라 신청하여 주시기 바랍니다.

 

□ 응모 방법

ㅇ 제출 서류 : 정책연구 제안서 ([별첨 2] 서식 참조)

- 정책연구 제안서는 공문없이 신청서 표지에 계약체결기관 직인 날인 후 제출(표지 PDF파일 형태)

- 정책연구 제안서 작성과 관련된 구체적인 사항은 담당부서의 연구협력관에게 문의하시기 바라며,

   연구비 소요액은 [별첨 1]연구과제별 연구비 한도내에서 [별첨 3] ‘정책연구용역비 산정기준 안내’에 따라 작성

 

ㅇ 제출기한 : 2020. 10. 13.(화) 18:00까지

 

ㅇ 제출방법 : 제안서(한글 파일) 및 표지(PDF 파일)를 전자우편으로 제출

- 담당부서 연구협력관 메일[별첨 1] 및 기획담당관 이경은 사무관(lkeun115@korea.kr)메일로 동시 제출

* 개인정보 수집 이용 및 제3자 제공동의서([별첨 4])는 담당부서 연구협력관에게만 제출

- 제출 전자우편 제목은 ‘과제명-소속기관-책임연구원 성명’으로 기재하고, 내용에 연락처(휴대전화번호)를 반드시 기재

- 정책연구 제안서 접수 확인은 메일로 회신하며, 접수 회신이 없는 경우 연구협력관에게 전화로 문의 요망

 

※ 자세한 내용은 첨부파일을 참고하여 주시기 바랍니다.','admin',to_date('20/10/16','RR/MM/DD'),3,null,null,179,0,0);
Insert into CTEAM.NOTICE (ID,TITLE,CONTENT,WRITER,WRITEDATE,READCNT,FILENAME,FILEPATH,ROOT,STEP,INDENT) values (180,'확인했습니다','확인','admin',to_date('20/10/16','RR/MM/DD'),0,null,null,179,1,1);
Insert into CTEAM.NOTICE (ID,TITLE,CONTENT,WRITER,WRITEDATE,READCNT,FILENAME,FILEPATH,ROOT,STEP,INDENT) values (181,'개인정보 처리방침 개정안내','녕하세요. 카카오(이하 ‘회사’)입니다.



서비스를 이용해 주시는 이용자 여러분께 감사드리며, 새로운 개인정보 처리방침 적용에 관한 안내 말씀 드립니다



회사는 이용자 여러분의 개인정보를 무엇보다 소중하게 처리하고 있으며, 어떤 사안보다도 우선하여 안전하게 관리하고 있습니다.



새롭게 변경될 개인정보 처리방침 내용을 확인하시고 서비스 이용에 참고하시기 바랍니다.





1. 변경 사항



  1) 개인정보 수집 항목이 추가됩니다.
    - 서비스 변경에 따라 ''멜론'' 서비스에서 수집하는 항목이 추가됩니다.

image


  2) 개인정보 제공 항목이 추가됩니다.
    - 서비스 변경에 따라 ''멜론'' 서비스에서 제공하는 항목이 추가됩니다.

image



2. 변경 시기



 변경된 개인정보 처리방침은 2020년 06월 29일(월)자로 효력이 발생됩니다.







3. 문의 및 동의 철회



새로운 개인정보 처리방침 내용에 동의하지 않으시는 경우, 각 서비스 내에서 “탈퇴”를 신청하여 회원 탈퇴를 하실 수 있습니다.



개인정보 처리방침 내용에 대한 문의사항이 있으신 경우, 

개인정보보호 담당부서(카카오: 고객센터 / 멜론 고객센터: melon_privacy@kakaocorp.com) 로 문의주시면 친절하게 안내해 드리겠습니다.



회사는 앞으로도 이용자의 개인정보를 보다 안전하게 보호할 것을 약속드리며, 신뢰받는 서비스로 보답하겠습니다.



감사합니다.    ','admin',to_date('20/10/16','RR/MM/DD'),1,null,null,181,0,0);
Insert into CTEAM.NOTICE (ID,TITLE,CONTENT,WRITER,WRITEDATE,READCNT,FILENAME,FILEPATH,ROOT,STEP,INDENT) values (182,'2020년 제9차 민간자격 등록폐지 공고','[교육부 공고 제2020-363호]

 

자격기본법 제18조의3 제2항 및 제18조의4에 의거 우리부에 등록폐지를 신고한 민간자격에 대하여 같은 법 시행령 제23조의5 제2항 및 제3항의 규정에 따라 붙임과 같이 공고합니다.

 

2020.10.8.','admin',to_date('20/10/16','RR/MM/DD'),7,null,null,182,0,0);
Insert into CTEAM.NOTICE (ID,TITLE,CONTENT,WRITER,WRITEDATE,READCNT,FILENAME,FILEPATH,ROOT,STEP,INDENT) values (183,'2020년 재외교육기관포털 사업 수행기관 공모','[교육부 공고 제2020-318호]
 

공모

 

「재외교육기관포털 운영 사업」을 전문적이고 체계적으로 수행할 기관을 아래와 같이 공모·선정하고자 하오니, 관심 있는 기관에서는 신청하여 주시기 바랍니다.

 

 

2020. 10. 12.

 

부총리 겸 교육부장관','admin',to_date('20/10/16','RR/MM/DD'),1,null,null,183,0,0);
Insert into CTEAM.NOTICE (ID,TITLE,CONTENT,WRITER,WRITEDATE,READCNT,FILENAME,FILEPATH,ROOT,STEP,INDENT) values (184,'법학전문대학원 설치운영에 관한 법률 시행령 일부개정령(안) 입법예고','교육부 공고 제2020 - 368 호


  「법학전문대학원 설치·운영에 관한 법률 시행령」을 개정함에 있어 그 개정 이유와 주요 내용을 국민에게 미리 알려 이에 대한 의견을 듣고자 행정절차법 제41조에 따라 다음과 같이 공고합니다.



2020년  10월 14일


부총리 겸 교육부장관','admin',to_date('20/10/16','RR/MM/DD'),1,null,null,184,0,0);
Insert into CTEAM.NOTICE (ID,TITLE,CONTENT,WRITER,WRITEDATE,READCNT,FILENAME,FILEPATH,ROOT,STEP,INDENT) values (185,'2020년 정책연구과제(“조직진단을 통한 거점 국립대학의 인력 효율화 방안 연구") 연구자 선정 재공모','교육부에서는 2020년 정책연구과제(“조직진단을 통한 거점 국립대학의 인력 효율화 방안 연구")를 수행할 연구자를 재공모하오니

해당 연구과제를 수행하고자 하는 연구자께서는 아래의 절차에 따라 신청하여 주시기 바랍니다.

 

□ 응모 방법

ㅇ 제출 서류 : 정책연구 제안서 ([별첨 2] 서식 참조)

- 정책연구 제안서는 공문없이 신청서 표지에 계약체결기관 직인 날인 후 제출(표지 PDF파일 형태)

- 정책연구 제안서 작성과 관련된 구체적인 사항은 담당부서의 연구협력관에게 문의하시기 바라며,

   연구비 소요액은 [별첨 1]연구과제별 연구비 한도내에서 [별첨 3] ‘정책연구용역비 산정기준 안내’에 따라 작성

 

ㅇ 제출기한 : 2020. 10. 13.(화) 18:00까지

 

ㅇ 제출방법 : 제안서(한글 파일) 및 표지(PDF 파일)를 전자우편으로 제출

- 담당부서 연구협력관 메일[별첨 1] 및 기획담당관 이경은 사무관(lkeun115@korea.kr)메일로 동시 제출

* 개인정보 수집 이용 및 제3자 제공동의서([별첨 4])는 담당부서 연구협력관에게만 제출

- 제출 전자우편 제목은 ‘과제명-소속기관-책임연구원 성명’으로 기재하고, 내용에 연락처(휴대전화번호)를 반드시 기재

- 정책연구 제안서 접수 확인은 메일로 회신하며, 접수 회신이 없는 경우 연구협력관에게 전화로 문의 요망

 

※ 자세한 내용은 첨부파일을 참고하여 주시기 바랍니다.','admin',to_date('20/10/16','RR/MM/DD'),3,null,null,185,0,0);
Insert into CTEAM.NOTICE (ID,TITLE,CONTENT,WRITER,WRITEDATE,READCNT,FILENAME,FILEPATH,ROOT,STEP,INDENT) values (186,'확인했습니다','확인','admin',to_date('20/10/16','RR/MM/DD'),0,null,null,185,1,1);
Insert into CTEAM.NOTICE (ID,TITLE,CONTENT,WRITER,WRITEDATE,READCNT,FILENAME,FILEPATH,ROOT,STEP,INDENT) values (187,'개인정보 처리방침 개정안내','녕하세요. 카카오(이하 ‘회사’)입니다.



서비스를 이용해 주시는 이용자 여러분께 감사드리며, 새로운 개인정보 처리방침 적용에 관한 안내 말씀 드립니다



회사는 이용자 여러분의 개인정보를 무엇보다 소중하게 처리하고 있으며, 어떤 사안보다도 우선하여 안전하게 관리하고 있습니다.



새롭게 변경될 개인정보 처리방침 내용을 확인하시고 서비스 이용에 참고하시기 바랍니다.





1. 변경 사항



  1) 개인정보 수집 항목이 추가됩니다.
    - 서비스 변경에 따라 ''멜론'' 서비스에서 수집하는 항목이 추가됩니다.

image


  2) 개인정보 제공 항목이 추가됩니다.
    - 서비스 변경에 따라 ''멜론'' 서비스에서 제공하는 항목이 추가됩니다.

image



2. 변경 시기



 변경된 개인정보 처리방침은 2020년 06월 29일(월)자로 효력이 발생됩니다.







3. 문의 및 동의 철회



새로운 개인정보 처리방침 내용에 동의하지 않으시는 경우, 각 서비스 내에서 “탈퇴”를 신청하여 회원 탈퇴를 하실 수 있습니다.



개인정보 처리방침 내용에 대한 문의사항이 있으신 경우, 

개인정보보호 담당부서(카카오: 고객센터 / 멜론 고객센터: melon_privacy@kakaocorp.com) 로 문의주시면 친절하게 안내해 드리겠습니다.



회사는 앞으로도 이용자의 개인정보를 보다 안전하게 보호할 것을 약속드리며, 신뢰받는 서비스로 보답하겠습니다.



감사합니다.    ','admin',to_date('20/10/16','RR/MM/DD'),2,null,null,187,0,0);
Insert into CTEAM.NOTICE (ID,TITLE,CONTENT,WRITER,WRITEDATE,READCNT,FILENAME,FILEPATH,ROOT,STEP,INDENT) values (188,'2020년 제9차 민간자격 등록폐지 공고','[교육부 공고 제2020-363호]

 

자격기본법 제18조의3 제2항 및 제18조의4에 의거 우리부에 등록폐지를 신고한 민간자격에 대하여 같은 법 시행령 제23조의5 제2항 및 제3항의 규정에 따라 붙임과 같이 공고합니다.

 

2020.10.8.','admin',to_date('20/10/16','RR/MM/DD'),6,null,null,188,0,0);
Insert into CTEAM.NOTICE (ID,TITLE,CONTENT,WRITER,WRITEDATE,READCNT,FILENAME,FILEPATH,ROOT,STEP,INDENT) values (189,'2020년 재외교육기관포털 사업 수행기관 공모','[교육부 공고 제2020-318호]
 

공모

 

「재외교육기관포털 운영 사업」을 전문적이고 체계적으로 수행할 기관을 아래와 같이 공모·선정하고자 하오니, 관심 있는 기관에서는 신청하여 주시기 바랍니다.

 

 

2020. 10. 12.

 

부총리 겸 교육부장관','admin',to_date('20/10/16','RR/MM/DD'),2,null,null,189,0,0);
Insert into CTEAM.NOTICE (ID,TITLE,CONTENT,WRITER,WRITEDATE,READCNT,FILENAME,FILEPATH,ROOT,STEP,INDENT) values (190,'법학전문대학원 설치운영에 관한 법률 시행령 일부개정령(안) 입법예고','교육부 공고 제2020 - 368 호


  「법학전문대학원 설치·운영에 관한 법률 시행령」을 개정함에 있어 그 개정 이유와 주요 내용을 국민에게 미리 알려 이에 대한 의견을 듣고자 행정절차법 제41조에 따라 다음과 같이 공고합니다.



2020년  10월 14일


부총리 겸 교육부장관','admin',to_date('20/10/16','RR/MM/DD'),1,null,null,190,0,0);
Insert into CTEAM.NOTICE (ID,TITLE,CONTENT,WRITER,WRITEDATE,READCNT,FILENAME,FILEPATH,ROOT,STEP,INDENT) values (191,'2020년 정책연구과제(“조직진단을 통한 거점 국립대학의 인력 효율화 방안 연구','교육부에서는 2020년 정책연구과제(“조직진단을 통한 거점 국립대학의 인력 효율화 방안 연구")를 수행할 연구자를 재공모하오니

해당 연구과제를 수행하고자 하는 연구자께서는 아래의 절차에 따라 신청하여 주시기 바랍니다. 

□ 응모 방법

ㅇ 제출 서류 : 정책연구 제안서 ([별첨 2] 서식 참조)

- 정책연구 제안서는 공문없이 신청서 표지에 계약체결기관 직인 날인 후 제출(표지 PDF파일 형태)

- 정책연구 제안서 작성과 관련된 구체적인 사항은 담당부서의 연구협력관에게 문의하시기 바라며,

   연구비 소요액은 [별첨 1]연구과제별 연구비 한도내에서 [별첨 3] ‘정책연구용역비 산정기준 안내’에 따라 작성

 

ㅇ 제출기한 : 2020. 10. 13.(화) 18:00까지

 

ㅇ 제출방법 : 제안서(한글 파일) 및 표지(PDF 파일)를 전자우편으로 제출

- 담당부서 연구협력관 메일[별첨 1] 및 기획담당관 이경은 사무관(lkeun115@korea.kr)메일로 동시 제출

* 개인정보 수집 이용 및 제3자 제공동의서([별첨 4])는 담당부서 연구협력관에게만 제출

- 제출 전자우편 제목은 ‘과제명-소속기관-책임연구원 성명’으로 기재하고, 내용에 연락처(휴대전화번호)를 반드시 기재

- 정책연구 제안서 접수 확인은 메일로 회신하며, 접수 회신이 없는 경우 연구협력관에게 전화로 문의 요망

 

※ 자세한 내용은 첨부파일을 참고하여 주시기 바랍니다.','admin',to_date('20/10/16','RR/MM/DD'),5,null,null,191,0,0);
Insert into CTEAM.NOTICE (ID,TITLE,CONTENT,WRITER,WRITEDATE,READCNT,FILENAME,FILEPATH,ROOT,STEP,INDENT) values (192,'확인했습니다','확인','admin',to_date('20/10/16','RR/MM/DD'),1,null,null,191,1,1);
Insert into CTEAM.NOTICE (ID,TITLE,CONTENT,WRITER,WRITEDATE,READCNT,FILENAME,FILEPATH,ROOT,STEP,INDENT) values (193,'개인정보 처리방침 개정안내','녕하세요. 카카오(이하 ‘회사’)입니다.



서비스를 이용해 주시는 이용자 여러분께 감사드리며, 새로운 개인정보 처리방침 적용에 관한 안내 말씀 드립니다



회사는 이용자 여러분의 개인정보를 무엇보다 소중하게 처리하고 있으며, 어떤 사안보다도 우선하여 안전하게 관리하고 있습니다.



새롭게 변경될 개인정보 처리방침 내용을 확인하시고 서비스 이용에 참고하시기 바랍니다.





1. 변경 사항



  1) 개인정보 수집 항목이 추가됩니다.
    - 서비스 변경에 따라 ''멜론'' 서비스에서 수집하는 항목이 추가됩니다.

image


  2) 개인정보 제공 항목이 추가됩니다.
    - 서비스 변경에 따라 ''멜론'' 서비스에서 제공하는 항목이 추가됩니다.

image



2. 변경 시기



 변경된 개인정보 처리방침은 2020년 06월 29일(월)자로 효력이 발생됩니다.







3. 문의 및 동의 철회



새로운 개인정보 처리방침 내용에 동의하지 않으시는 경우, 각 서비스 내에서 “탈퇴”를 신청하여 회원 탈퇴를 하실 수 있습니다.



개인정보 처리방침 내용에 대한 문의사항이 있으신 경우, 

개인정보보호 담당부서(카카오: 고객센터 / 멜론 고객센터: melon_privacy@kakaocorp.com) 로 문의주시면 친절하게 안내해 드리겠습니다.



회사는 앞으로도 이용자의 개인정보를 보다 안전하게 보호할 것을 약속드리며, 신뢰받는 서비스로 보답하겠습니다.



감사합니다.    ','admin',to_date('20/10/16','RR/MM/DD'),2,null,null,193,0,0);
Insert into CTEAM.NOTICE (ID,TITLE,CONTENT,WRITER,WRITEDATE,READCNT,FILENAME,FILEPATH,ROOT,STEP,INDENT) values (194,'2020년 제9차 민간자격 등록폐지 공고','[교육부 공고 제2020-363호]

 

자격기본법 제18조의3 제2항 및 제18조의4에 의거 우리부에 등록폐지를 신고한 민간자격에 대하여 같은 법 시행령 제23조의5 제2항 및 제3항의 규정에 따라 붙임과 같이 공고합니다.

 

2020.10.8.','admin',to_date('20/10/16','RR/MM/DD'),7,null,null,194,0,0);
Insert into CTEAM.NOTICE (ID,TITLE,CONTENT,WRITER,WRITEDATE,READCNT,FILENAME,FILEPATH,ROOT,STEP,INDENT) values (195,'2020년 재외교육기관포털 사업 수행기관 공모','[교육부 공고 제2020-318호]
 

공모

 

「재외교육기관포털 운영 사업」을 전문적이고 체계적으로 수행할 기관을 아래와 같이 공모·선정하고자 하오니, 관심 있는 기관에서는 신청하여 주시기 바랍니다.

 

 

2020. 10. 12.

 

부총리 겸 교육부장관','admin',to_date('20/10/16','RR/MM/DD'),2,null,null,195,0,0);
Insert into CTEAM.NOTICE (ID,TITLE,CONTENT,WRITER,WRITEDATE,READCNT,FILENAME,FILEPATH,ROOT,STEP,INDENT) values (196,'법학전문대학원 설치운영에 관한 법률 시행령 일부개정령(안) 입법예고','교육부 공고 제2020 - 368 호


  「법학전문대학원 설치·운영에 관한 법률 시행령」을 개정함에 있어 그 개정 이유와 주요 내용을 국민에게 미리 알려 이에 대한 의견을 듣고자 행정절차법 제41조에 따라 다음과 같이 공고합니다.



2020년  10월 14일


부총리 겸 교육부장관','admin',to_date('20/10/16','RR/MM/DD'),0,null,null,196,0,0);
Insert into CTEAM.NOTICE (ID,TITLE,CONTENT,WRITER,WRITEDATE,READCNT,FILENAME,FILEPATH,ROOT,STEP,INDENT) values (197,'2020년 정책연구과제(“조직진단을 통한 거점 국립대학의 인력 효율화 방안 연구") 연구자 선정 재공모','교육부에서는 2020년 정책연구과제(“조직진단을 통한 거점 국립대학의 인력 효율화 방안 연구")를 수행할 연구자를 재공모하오니

해당 연구과제를 수행하고자 하는 연구자께서는 아래의 절차에 따라 신청하여 주시기 바랍니다.

 

□ 응모 방법

ㅇ 제출 서류 : 정책연구 제안서 ([별첨 2] 서식 참조)

- 정책연구 제안서는 공문없이 신청서 표지에 계약체결기관 직인 날인 후 제출(표지 PDF파일 형태)

- 정책연구 제안서 작성과 관련된 구체적인 사항은 담당부서의 연구협력관에게 문의하시기 바라며,

   연구비 소요액은 [별첨 1]연구과제별 연구비 한도내에서 [별첨 3] ‘정책연구용역비 산정기준 안내’에 따라 작성

 

ㅇ 제출기한 : 2020. 10. 13.(화) 18:00까지

 

ㅇ 제출방법 : 제안서(한글 파일) 및 표지(PDF 파일)를 전자우편으로 제출

- 담당부서 연구협력관 메일[별첨 1] 및 기획담당관 이경은 사무관(lkeun115@korea.kr)메일로 동시 제출

* 개인정보 수집 이용 및 제3자 제공동의서([별첨 4])는 담당부서 연구협력관에게만 제출

- 제출 전자우편 제목은 ‘과제명-소속기관-책임연구원 성명’으로 기재하고, 내용에 연락처(휴대전화번호)를 반드시 기재

- 정책연구 제안서 접수 확인은 메일로 회신하며, 접수 회신이 없는 경우 연구협력관에게 전화로 문의 요망

 

※ 자세한 내용은 첨부파일을 참고하여 주시기 바랍니다.','admin',to_date('20/10/16','RR/MM/DD'),3,null,null,197,0,0);
Insert into CTEAM.NOTICE (ID,TITLE,CONTENT,WRITER,WRITEDATE,READCNT,FILENAME,FILEPATH,ROOT,STEP,INDENT) values (198,'확인했습니다','확인','admin',to_date('20/10/16','RR/MM/DD'),0,null,null,197,1,1);
Insert into CTEAM.NOTICE (ID,TITLE,CONTENT,WRITER,WRITEDATE,READCNT,FILENAME,FILEPATH,ROOT,STEP,INDENT) values (199,'개인정보 처리방침 개정안내','녕하세요. 카카오(이하 ‘회사’)입니다.



서비스를 이용해 주시는 이용자 여러분께 감사드리며, 새로운 개인정보 처리방침 적용에 관한 안내 말씀 드립니다



회사는 이용자 여러분의 개인정보를 무엇보다 소중하게 처리하고 있으며, 어떤 사안보다도 우선하여 안전하게 관리하고 있습니다.



새롭게 변경될 개인정보 처리방침 내용을 확인하시고 서비스 이용에 참고하시기 바랍니다.





1. 변경 사항



  1) 개인정보 수집 항목이 추가됩니다.
    - 서비스 변경에 따라 ''멜론'' 서비스에서 수집하는 항목이 추가됩니다.

image


  2) 개인정보 제공 항목이 추가됩니다.
    - 서비스 변경에 따라 ''멜론'' 서비스에서 제공하는 항목이 추가됩니다.

image



2. 변경 시기



 변경된 개인정보 처리방침은 2020년 06월 29일(월)자로 효력이 발생됩니다.







3. 문의 및 동의 철회



새로운 개인정보 처리방침 내용에 동의하지 않으시는 경우, 각 서비스 내에서 “탈퇴”를 신청하여 회원 탈퇴를 하실 수 있습니다.



개인정보 처리방침 내용에 대한 문의사항이 있으신 경우, 

개인정보보호 담당부서(카카오: 고객센터 / 멜론 고객센터: melon_privacy@kakaocorp.com) 로 문의주시면 친절하게 안내해 드리겠습니다.



회사는 앞으로도 이용자의 개인정보를 보다 안전하게 보호할 것을 약속드리며, 신뢰받는 서비스로 보답하겠습니다.



감사합니다.    ','admin',to_date('20/10/16','RR/MM/DD'),1,null,null,199,0,0);
Insert into CTEAM.NOTICE (ID,TITLE,CONTENT,WRITER,WRITEDATE,READCNT,FILENAME,FILEPATH,ROOT,STEP,INDENT) values (200,'2020년 제9차 민간자격 등록폐지 공고','[교육부 공고 제2020-363호]

 

자격기본법 제18조의3 제2항 및 제18조의4에 의거 우리부에 등록폐지를 신고한 민간자격에 대하여 같은 법 시행령 제23조의5 제2항 및 제3항의 규정에 따라 붙임과 같이 공고합니다.

 

2020.10.8.','admin',to_date('20/10/16','RR/MM/DD'),6,null,null,200,0,0);
Insert into CTEAM.NOTICE (ID,TITLE,CONTENT,WRITER,WRITEDATE,READCNT,FILENAME,FILEPATH,ROOT,STEP,INDENT) values (201,'2020년 재외교육기관포털 사업 수행기관 공모','[교육부 공고 제2020-318호]
 

공모

 

「재외교육기관포털 운영 사업」을 전문적이고 체계적으로 수행할 기관을 아래와 같이 공모·선정하고자 하오니, 관심 있는 기관에서는 신청하여 주시기 바랍니다.

 

 

2020. 10. 12.

 

부총리 겸 교육부장관','admin',to_date('20/10/16','RR/MM/DD'),1,null,null,201,0,0);
Insert into CTEAM.NOTICE (ID,TITLE,CONTENT,WRITER,WRITEDATE,READCNT,FILENAME,FILEPATH,ROOT,STEP,INDENT) values (202,'법학전문대학원 설치운영에 관한 법률 시행령 일부개정령(안) 입법예고','교육부 공고 제2020 - 368 호


  「법학전문대학원 설치·운영에 관한 법률 시행령」을 개정함에 있어 그 개정 이유와 주요 내용을 국민에게 미리 알려 이에 대한 의견을 듣고자 행정절차법 제41조에 따라 다음과 같이 공고합니다.



2020년  10월 14일


부총리 겸 교육부장관','admin',to_date('20/10/16','RR/MM/DD'),0,null,null,202,0,0);
Insert into CTEAM.NOTICE (ID,TITLE,CONTENT,WRITER,WRITEDATE,READCNT,FILENAME,FILEPATH,ROOT,STEP,INDENT) values (203,'2020년 정책연구과제(“조직진단을 통한 거점 국립대학의 인력 효율화 방안 연구") 연구자 선정 재공모','교육부에서는 2020년 정책연구과제(“조직진단을 통한 거점 국립대학의 인력 효율화 방안 연구")를 수행할 연구자를 재공모하오니

해당 연구과제를 수행하고자 하는 연구자께서는 아래의 절차에 따라 신청하여 주시기 바랍니다.

 

□ 응모 방법

ㅇ 제출 서류 : 정책연구 제안서 ([별첨 2] 서식 참조)

- 정책연구 제안서는 공문없이 신청서 표지에 계약체결기관 직인 날인 후 제출(표지 PDF파일 형태)

- 정책연구 제안서 작성과 관련된 구체적인 사항은 담당부서의 연구협력관에게 문의하시기 바라며,

   연구비 소요액은 [별첨 1]연구과제별 연구비 한도내에서 [별첨 3] ‘정책연구용역비 산정기준 안내’에 따라 작성

 

ㅇ 제출기한 : 2020. 10. 13.(화) 18:00까지

 

ㅇ 제출방법 : 제안서(한글 파일) 및 표지(PDF 파일)를 전자우편으로 제출

- 담당부서 연구협력관 메일[별첨 1] 및 기획담당관 이경은 사무관(lkeun115@korea.kr)메일로 동시 제출

* 개인정보 수집 이용 및 제3자 제공동의서([별첨 4])는 담당부서 연구협력관에게만 제출

- 제출 전자우편 제목은 ‘과제명-소속기관-책임연구원 성명’으로 기재하고, 내용에 연락처(휴대전화번호)를 반드시 기재

- 정책연구 제안서 접수 확인은 메일로 회신하며, 접수 회신이 없는 경우 연구협력관에게 전화로 문의 요망

 

※ 자세한 내용은 첨부파일을 참고하여 주시기 바랍니다.','admin',to_date('20/10/16','RR/MM/DD'),3,null,null,203,0,0);
Insert into CTEAM.NOTICE (ID,TITLE,CONTENT,WRITER,WRITEDATE,READCNT,FILENAME,FILEPATH,ROOT,STEP,INDENT) values (204,'확인했습니다','확인','admin',to_date('20/10/16','RR/MM/DD'),0,null,null,203,1,1);
Insert into CTEAM.NOTICE (ID,TITLE,CONTENT,WRITER,WRITEDATE,READCNT,FILENAME,FILEPATH,ROOT,STEP,INDENT) values (205,'개인정보 처리방침 개정안내','녕하세요. 카카오(이하 ‘회사’)입니다.



서비스를 이용해 주시는 이용자 여러분께 감사드리며, 새로운 개인정보 처리방침 적용에 관한 안내 말씀 드립니다



회사는 이용자 여러분의 개인정보를 무엇보다 소중하게 처리하고 있으며, 어떤 사안보다도 우선하여 안전하게 관리하고 있습니다.



새롭게 변경될 개인정보 처리방침 내용을 확인하시고 서비스 이용에 참고하시기 바랍니다.





1. 변경 사항



  1) 개인정보 수집 항목이 추가됩니다.
    - 서비스 변경에 따라 ''멜론'' 서비스에서 수집하는 항목이 추가됩니다.

image


  2) 개인정보 제공 항목이 추가됩니다.
    - 서비스 변경에 따라 ''멜론'' 서비스에서 제공하는 항목이 추가됩니다.

image



2. 변경 시기



 변경된 개인정보 처리방침은 2020년 06월 29일(월)자로 효력이 발생됩니다.







3. 문의 및 동의 철회



새로운 개인정보 처리방침 내용에 동의하지 않으시는 경우, 각 서비스 내에서 “탈퇴”를 신청하여 회원 탈퇴를 하실 수 있습니다.



개인정보 처리방침 내용에 대한 문의사항이 있으신 경우, 

개인정보보호 담당부서(카카오: 고객센터 / 멜론 고객센터: melon_privacy@kakaocorp.com) 로 문의주시면 친절하게 안내해 드리겠습니다.



회사는 앞으로도 이용자의 개인정보를 보다 안전하게 보호할 것을 약속드리며, 신뢰받는 서비스로 보답하겠습니다.



감사합니다.    ','admin',to_date('20/10/16','RR/MM/DD'),1,null,null,205,0,0);
Insert into CTEAM.NOTICE (ID,TITLE,CONTENT,WRITER,WRITEDATE,READCNT,FILENAME,FILEPATH,ROOT,STEP,INDENT) values (206,'2020년 제9차 민간자격 등록폐지 공고','[교육부 공고 제2020-363호]

 

자격기본법 제18조의3 제2항 및 제18조의4에 의거 우리부에 등록폐지를 신고한 민간자격에 대하여 같은 법 시행령 제23조의5 제2항 및 제3항의 규정에 따라 붙임과 같이 공고합니다.

 

2020.10.8.','admin',to_date('20/10/16','RR/MM/DD'),6,null,null,206,0,0);
Insert into CTEAM.NOTICE (ID,TITLE,CONTENT,WRITER,WRITEDATE,READCNT,FILENAME,FILEPATH,ROOT,STEP,INDENT) values (207,'2020년 재외교육기관포털 사업 수행기관 공모','[교육부 공고 제2020-318호]
 

공모

 

「재외교육기관포털 운영 사업」을 전문적이고 체계적으로 수행할 기관을 아래와 같이 공모·선정하고자 하오니, 관심 있는 기관에서는 신청하여 주시기 바랍니다.

 

 

2020. 10. 12.

 

부총리 겸 교육부장관','admin',to_date('20/10/16','RR/MM/DD'),1,null,null,207,0,0);
Insert into CTEAM.NOTICE (ID,TITLE,CONTENT,WRITER,WRITEDATE,READCNT,FILENAME,FILEPATH,ROOT,STEP,INDENT) values (208,'법학전문대학원 설치운영에 관한 법률 시행령 일부개정령(안) 입법예고','교육부 공고 제2020 - 368 호


  「법학전문대학원 설치·운영에 관한 법률 시행령」을 개정함에 있어 그 개정 이유와 주요 내용을 국민에게 미리 알려 이에 대한 의견을 듣고자 행정절차법 제41조에 따라 다음과 같이 공고합니다.



2020년  10월 14일


부총리 겸 교육부장관','admin',to_date('20/10/16','RR/MM/DD'),0,null,null,208,0,0);
Insert into CTEAM.NOTICE (ID,TITLE,CONTENT,WRITER,WRITEDATE,READCNT,FILENAME,FILEPATH,ROOT,STEP,INDENT) values (209,'2020년 정책연구과제(“조직진단을 통한 거점 국립대학의 인력 효율화 방안 연구") 연구자 선정 재공모','교육부에서는 2020년 정책연구과제(“조직진단을 통한 거점 국립대학의 인력 효율화 방안 연구")를 수행할 연구자를 재공모하오니

해당 연구과제를 수행하고자 하는 연구자께서는 아래의 절차에 따라 신청하여 주시기 바랍니다.

 

□ 응모 방법

ㅇ 제출 서류 : 정책연구 제안서 ([별첨 2] 서식 참조)

- 정책연구 제안서는 공문없이 신청서 표지에 계약체결기관 직인 날인 후 제출(표지 PDF파일 형태)

- 정책연구 제안서 작성과 관련된 구체적인 사항은 담당부서의 연구협력관에게 문의하시기 바라며,

   연구비 소요액은 [별첨 1]연구과제별 연구비 한도내에서 [별첨 3] ‘정책연구용역비 산정기준 안내’에 따라 작성

 

ㅇ 제출기한 : 2020. 10. 13.(화) 18:00까지

 

ㅇ 제출방법 : 제안서(한글 파일) 및 표지(PDF 파일)를 전자우편으로 제출

- 담당부서 연구협력관 메일[별첨 1] 및 기획담당관 이경은 사무관(lkeun115@korea.kr)메일로 동시 제출

* 개인정보 수집 이용 및 제3자 제공동의서([별첨 4])는 담당부서 연구협력관에게만 제출

- 제출 전자우편 제목은 ‘과제명-소속기관-책임연구원 성명’으로 기재하고, 내용에 연락처(휴대전화번호)를 반드시 기재

- 정책연구 제안서 접수 확인은 메일로 회신하며, 접수 회신이 없는 경우 연구협력관에게 전화로 문의 요망

 

※ 자세한 내용은 첨부파일을 참고하여 주시기 바랍니다.','admin',to_date('20/10/16','RR/MM/DD'),3,null,null,209,0,0);
Insert into CTEAM.NOTICE (ID,TITLE,CONTENT,WRITER,WRITEDATE,READCNT,FILENAME,FILEPATH,ROOT,STEP,INDENT) values (211,'개인정보 처리방침 개정안내','녕하세요. 카카오(이하 ‘회사’)입니다.



서비스를 이용해 주시는 이용자 여러분께 감사드리며, 새로운 개인정보 처리방침 적용에 관한 안내 말씀 드립니다



회사는 이용자 여러분의 개인정보를 무엇보다 소중하게 처리하고 있으며, 어떤 사안보다도 우선하여 안전하게 관리하고 있습니다.



새롭게 변경될 개인정보 처리방침 내용을 확인하시고 서비스 이용에 참고하시기 바랍니다.





1. 변경 사항



  1) 개인정보 수집 항목이 추가됩니다.
    - 서비스 변경에 따라 ''멜론'' 서비스에서 수집하는 항목이 추가됩니다.

image


  2) 개인정보 제공 항목이 추가됩니다.
    - 서비스 변경에 따라 ''멜론'' 서비스에서 제공하는 항목이 추가됩니다.

image



2. 변경 시기



 변경된 개인정보 처리방침은 2020년 06월 29일(월)자로 효력이 발생됩니다.







3. 문의 및 동의 철회



새로운 개인정보 처리방침 내용에 동의하지 않으시는 경우, 각 서비스 내에서 “탈퇴”를 신청하여 회원 탈퇴를 하실 수 있습니다.



개인정보 처리방침 내용에 대한 문의사항이 있으신 경우, 

개인정보보호 담당부서(카카오: 고객센터 / 멜론 고객센터: melon_privacy@kakaocorp.com) 로 문의주시면 친절하게 안내해 드리겠습니다.



회사는 앞으로도 이용자의 개인정보를 보다 안전하게 보호할 것을 약속드리며, 신뢰받는 서비스로 보답하겠습니다.



감사합니다.    ','admin',to_date('20/10/16','RR/MM/DD'),1,null,null,211,0,0);
Insert into CTEAM.NOTICE (ID,TITLE,CONTENT,WRITER,WRITEDATE,READCNT,FILENAME,FILEPATH,ROOT,STEP,INDENT) values (212,'2020년 제9차 민간자격 등록폐지 공고','[교육부 공고 제2020-363호]

 

자격기본법 제18조의3 제2항 및 제18조의4에 의거 우리부에 등록폐지를 신고한 민간자격에 대하여 같은 법 시행령 제23조의5 제2항 및 제3항의 규정에 따라 붙임과 같이 공고합니다.

 

2020.10.8.','admin',to_date('20/10/16','RR/MM/DD'),6,null,null,212,0,0);
Insert into CTEAM.NOTICE (ID,TITLE,CONTENT,WRITER,WRITEDATE,READCNT,FILENAME,FILEPATH,ROOT,STEP,INDENT) values (213,'2020년 재외교육기관포털 사업 수행기관 공모','[교육부 공고 제2020-318호]
 

공모

 

「재외교육기관포털 운영 사업」을 전문적이고 체계적으로 수행할 기관을 아래와 같이 공모·선정하고자 하오니, 관심 있는 기관에서는 신청하여 주시기 바랍니다.

 

 

2020. 10. 12.

 

부총리 겸 교육부장관','admin',to_date('20/10/16','RR/MM/DD'),1,null,null,213,0,0);
Insert into CTEAM.NOTICE (ID,TITLE,CONTENT,WRITER,WRITEDATE,READCNT,FILENAME,FILEPATH,ROOT,STEP,INDENT) values (214,'법학전문대학원 설치운영에 관한 법률 시행령 일부개정령(안) 입법예고','교육부 공고 제2020 - 368 호


  「법학전문대학원 설치·운영에 관한 법률 시행령」을 개정함에 있어 그 개정 이유와 주요 내용을 국민에게 미리 알려 이에 대한 의견을 듣고자 행정절차법 제41조에 따라 다음과 같이 공고합니다.



2020년  10월 14일


부총리 겸 교육부장관','admin',to_date('20/10/16','RR/MM/DD'),3,null,null,214,0,0);
Insert into CTEAM.NOTICE (ID,TITLE,CONTENT,WRITER,WRITEDATE,READCNT,FILENAME,FILEPATH,ROOT,STEP,INDENT) values (215,'2020년 정책연구과제(“조직진단을 통한 거점 국립대학의 인력 효율화 방안 연구") 연구자 선정 재공모','교육부에서는 2020년 정책연구과제(“조직진단을 통한 거점 국립대학의 인력 효율화 방안 연구")를 수행할 연구자를 재공모하오니

해당 연구과제를 수행하고자 하는 연구자께서는 아래의 절차에 따라 신청하여 주시기 바랍니다.

 

□ 응모 방법

ㅇ 제출 서류 : 정책연구 제안서 ([별첨 2] 서식 참조)

- 정책연구 제안서는 공문없이 신청서 표지에 계약체결기관 직인 날인 후 제출(표지 PDF파일 형태)

- 정책연구 제안서 작성과 관련된 구체적인 사항은 담당부서의 연구협력관에게 문의하시기 바라며,

   연구비 소요액은 [별첨 1]연구과제별 연구비 한도내에서 [별첨 3] ‘정책연구용역비 산정기준 안내’에 따라 작성

 

ㅇ 제출기한 : 2020. 10. 13.(화) 18:00까지

 

ㅇ 제출방법 : 제안서(한글 파일) 및 표지(PDF 파일)를 전자우편으로 제출

- 담당부서 연구협력관 메일[별첨 1] 및 기획담당관 이경은 사무관(lkeun115@korea.kr)메일로 동시 제출

* 개인정보 수집 이용 및 제3자 제공동의서([별첨 4])는 담당부서 연구협력관에게만 제출

- 제출 전자우편 제목은 ‘과제명-소속기관-책임연구원 성명’으로 기재하고, 내용에 연락처(휴대전화번호)를 반드시 기재

- 정책연구 제안서 접수 확인은 메일로 회신하며, 접수 회신이 없는 경우 연구협력관에게 전화로 문의 요망

 

※ 자세한 내용은 첨부파일을 참고하여 주시기 바랍니다.','admin',to_date('20/10/16','RR/MM/DD'),3,null,null,215,0,0);
Insert into CTEAM.NOTICE (ID,TITLE,CONTENT,WRITER,WRITEDATE,READCNT,FILENAME,FILEPATH,ROOT,STEP,INDENT) values (216,'확인했습니다','확인','admin',to_date('20/10/16','RR/MM/DD'),0,null,null,215,1,1);
Insert into CTEAM.NOTICE (ID,TITLE,CONTENT,WRITER,WRITEDATE,READCNT,FILENAME,FILEPATH,ROOT,STEP,INDENT) values (217,'개인정보 처리방침 개정안내','녕하세요. 카카오(이하 ‘회사’)입니다.



서비스를 이용해 주시는 이용자 여러분께 감사드리며, 새로운 개인정보 처리방침 적용에 관한 안내 말씀 드립니다



회사는 이용자 여러분의 개인정보를 무엇보다 소중하게 처리하고 있으며, 어떤 사안보다도 우선하여 안전하게 관리하고 있습니다.



새롭게 변경될 개인정보 처리방침 내용을 확인하시고 서비스 이용에 참고하시기 바랍니다.





1. 변경 사항



  1) 개인정보 수집 항목이 추가됩니다.
    - 서비스 변경에 따라 ''멜론'' 서비스에서 수집하는 항목이 추가됩니다.

image


  2) 개인정보 제공 항목이 추가됩니다.
    - 서비스 변경에 따라 ''멜론'' 서비스에서 제공하는 항목이 추가됩니다.

image



2. 변경 시기



 변경된 개인정보 처리방침은 2020년 06월 29일(월)자로 효력이 발생됩니다.







3. 문의 및 동의 철회



새로운 개인정보 처리방침 내용에 동의하지 않으시는 경우, 각 서비스 내에서 “탈퇴”를 신청하여 회원 탈퇴를 하실 수 있습니다.



개인정보 처리방침 내용에 대한 문의사항이 있으신 경우, 

개인정보보호 담당부서(카카오: 고객센터 / 멜론 고객센터: melon_privacy@kakaocorp.com) 로 문의주시면 친절하게 안내해 드리겠습니다.



회사는 앞으로도 이용자의 개인정보를 보다 안전하게 보호할 것을 약속드리며, 신뢰받는 서비스로 보답하겠습니다.



감사합니다.    ','admin',to_date('20/10/16','RR/MM/DD'),1,null,null,217,0,0);
Insert into CTEAM.NOTICE (ID,TITLE,CONTENT,WRITER,WRITEDATE,READCNT,FILENAME,FILEPATH,ROOT,STEP,INDENT) values (218,'2020년 제9차 민간자격 등록폐지 공고','[교육부 공고 제2020-363호]

 

자격기본법 제18조의3 제2항 및 제18조의4에 의거 우리부에 등록폐지를 신고한 민간자격에 대하여 같은 법 시행령 제23조의5 제2항 및 제3항의 규정에 따라 붙임과 같이 공고합니다.

 

2020.10.8.','admin',to_date('20/10/16','RR/MM/DD'),6,null,null,218,0,0);
Insert into CTEAM.NOTICE (ID,TITLE,CONTENT,WRITER,WRITEDATE,READCNT,FILENAME,FILEPATH,ROOT,STEP,INDENT) values (219,'2020년 재외교육기관포털 사업 수행기관 공모','[교육부 공고 제2020-318호]
 

공모

 

「재외교육기관포털 운영 사업」을 전문적이고 체계적으로 수행할 기관을 아래와 같이 공모·선정하고자 하오니, 관심 있는 기관에서는 신청하여 주시기 바랍니다.

 

 

2020. 10. 12.

 

부총리 겸 교육부장관','admin',to_date('20/10/16','RR/MM/DD'),1,null,null,219,0,0);
Insert into CTEAM.NOTICE (ID,TITLE,CONTENT,WRITER,WRITEDATE,READCNT,FILENAME,FILEPATH,ROOT,STEP,INDENT) values (220,'법학전문대학원 설치운영에 관한 법률 시행령 일부개정령(안) 입법예고','교육부 공고 제2020 - 368 호


  「법학전문대학원 설치·운영에 관한 법률 시행령」을 개정함에 있어 그 개정 이유와 주요 내용을 국민에게 미리 알려 이에 대한 의견을 듣고자 행정절차법 제41조에 따라 다음과 같이 공고합니다.



2020년  10월 14일


부총리 겸 교육부장관','admin',to_date('20/10/16','RR/MM/DD'),1,null,null,220,0,0);
Insert into CTEAM.NOTICE (ID,TITLE,CONTENT,WRITER,WRITEDATE,READCNT,FILENAME,FILEPATH,ROOT,STEP,INDENT) values (221,'2020년 정책연구과제(“조직진단을 통한 거점 국립대학의 인력 효율화 방안 연구") 연구자 선정 재공모','교육부에서는 2020년 정책연구과제(“조직진단을 통한 거점 국립대학의 인력 효율화 방안 연구")를 수행할 연구자를 재공모하오니

해당 연구과제를 수행하고자 하는 연구자께서는 아래의 절차에 따라 신청하여 주시기 바랍니다.

 

□ 응모 방법

ㅇ 제출 서류 : 정책연구 제안서 ([별첨 2] 서식 참조)

- 정책연구 제안서는 공문없이 신청서 표지에 계약체결기관 직인 날인 후 제출(표지 PDF파일 형태)

- 정책연구 제안서 작성과 관련된 구체적인 사항은 담당부서의 연구협력관에게 문의하시기 바라며,

   연구비 소요액은 [별첨 1]연구과제별 연구비 한도내에서 [별첨 3] ‘정책연구용역비 산정기준 안내’에 따라 작성

 

ㅇ 제출기한 : 2020. 10. 13.(화) 18:00까지

 

ㅇ 제출방법 : 제안서(한글 파일) 및 표지(PDF 파일)를 전자우편으로 제출

- 담당부서 연구협력관 메일[별첨 1] 및 기획담당관 이경은 사무관(lkeun115@korea.kr)메일로 동시 제출

* 개인정보 수집 이용 및 제3자 제공동의서([별첨 4])는 담당부서 연구협력관에게만 제출

- 제출 전자우편 제목은 ‘과제명-소속기관-책임연구원 성명’으로 기재하고, 내용에 연락처(휴대전화번호)를 반드시 기재

- 정책연구 제안서 접수 확인은 메일로 회신하며, 접수 회신이 없는 경우 연구협력관에게 전화로 문의 요망

 

※ 자세한 내용은 첨부파일을 참고하여 주시기 바랍니다.','admin',to_date('20/10/16','RR/MM/DD'),3,null,null,221,0,0);
Insert into CTEAM.NOTICE (ID,TITLE,CONTENT,WRITER,WRITEDATE,READCNT,FILENAME,FILEPATH,ROOT,STEP,INDENT) values (223,'개인정보 처리방침 개정안내','녕하세요. 카카오(이하 ‘회사’)입니다.



서비스를 이용해 주시는 이용자 여러분께 감사드리며, 새로운 개인정보 처리방침 적용에 관한 안내 말씀 드립니다



회사는 이용자 여러분의 개인정보를 무엇보다 소중하게 처리하고 있으며, 어떤 사안보다도 우선하여 안전하게 관리하고 있습니다.



새롭게 변경될 개인정보 처리방침 내용을 확인하시고 서비스 이용에 참고하시기 바랍니다.





1. 변경 사항



  1) 개인정보 수집 항목이 추가됩니다.
    - 서비스 변경에 따라 ''멜론'' 서비스에서 수집하는 항목이 추가됩니다.

image


  2) 개인정보 제공 항목이 추가됩니다.
    - 서비스 변경에 따라 ''멜론'' 서비스에서 제공하는 항목이 추가됩니다.

image



2. 변경 시기



 변경된 개인정보 처리방침은 2020년 06월 29일(월)자로 효력이 발생됩니다.







3. 문의 및 동의 철회



새로운 개인정보 처리방침 내용에 동의하지 않으시는 경우, 각 서비스 내에서 “탈퇴”를 신청하여 회원 탈퇴를 하실 수 있습니다.



개인정보 처리방침 내용에 대한 문의사항이 있으신 경우, 

개인정보보호 담당부서(카카오: 고객센터 / 멜론 고객센터: melon_privacy@kakaocorp.com) 로 문의주시면 친절하게 안내해 드리겠습니다.



회사는 앞으로도 이용자의 개인정보를 보다 안전하게 보호할 것을 약속드리며, 신뢰받는 서비스로 보답하겠습니다.



감사합니다.    ','admin',to_date('20/10/16','RR/MM/DD'),1,null,null,223,0,0);
Insert into CTEAM.NOTICE (ID,TITLE,CONTENT,WRITER,WRITEDATE,READCNT,FILENAME,FILEPATH,ROOT,STEP,INDENT) values (224,'2020년 제9차 민간자격 등록폐지 공고','[교육부 공고 제2020-363호]

 

자격기본법 제18조의3 제2항 및 제18조의4에 의거 우리부에 등록폐지를 신고한 민간자격에 대하여 같은 법 시행령 제23조의5 제2항 및 제3항의 규정에 따라 붙임과 같이 공고합니다.

 

2020.10.8.','admin',to_date('20/10/16','RR/MM/DD'),8,null,null,224,0,0);
Insert into CTEAM.NOTICE (ID,TITLE,CONTENT,WRITER,WRITEDATE,READCNT,FILENAME,FILEPATH,ROOT,STEP,INDENT) values (225,'2020년 재외교육기관포털 사업 수행기관 공모','[교육부 공고 제2020-318호]
 

공모

 

「재외교육기관포털 운영 사업」을 전문적이고 체계적으로 수행할 기관을 아래와 같이 공모·선정하고자 하오니, 관심 있는 기관에서는 신청하여 주시기 바랍니다.

 

 

2020. 10. 12.

 

부총리 겸 교육부장관','admin',to_date('20/10/16','RR/MM/DD'),1,null,null,225,0,0);
Insert into CTEAM.NOTICE (ID,TITLE,CONTENT,WRITER,WRITEDATE,READCNT,FILENAME,FILEPATH,ROOT,STEP,INDENT) values (226,'법학전문대학원 설치운영에 관한 법률 시행령 일부개정령(안) 입법예고','교육부 공고 제2020 - 368 호


  「법학전문대학원 설치·운영에 관한 법률 시행령」을 개정함에 있어 그 개정 이유와 주요 내용을 국민에게 미리 알려 이에 대한 의견을 듣고자 행정절차법 제41조에 따라 다음과 같이 공고합니다.



2020년  10월 14일


부총리 겸 교육부장관','admin',to_date('20/10/16','RR/MM/DD'),2,null,null,226,0,0);
Insert into CTEAM.NOTICE (ID,TITLE,CONTENT,WRITER,WRITEDATE,READCNT,FILENAME,FILEPATH,ROOT,STEP,INDENT) values (227,'2020년 정책연구과제(“조직진단을 통한 거점 국립대학의 인력 효율화 방안 연구") 연구자 선정 재공모','교육부에서는 2020년 정책연구과제(“조직진단을 통한 거점 국립대학의 인력 효율화 방안 연구")를 수행할 연구자를 재공모하오니

해당 연구과제를 수행하고자 하는 연구자께서는 아래의 절차에 따라 신청하여 주시기 바랍니다.

 

□ 응모 방법

ㅇ 제출 서류 : 정책연구 제안서 ([별첨 2] 서식 참조)

- 정책연구 제안서는 공문없이 신청서 표지에 계약체결기관 직인 날인 후 제출(표지 PDF파일 형태)

- 정책연구 제안서 작성과 관련된 구체적인 사항은 담당부서의 연구협력관에게 문의하시기 바라며,

   연구비 소요액은 [별첨 1]연구과제별 연구비 한도내에서 [별첨 3] ‘정책연구용역비 산정기준 안내’에 따라 작성

 

ㅇ 제출기한 : 2020. 10. 13.(화) 18:00까지

 

ㅇ 제출방법 : 제안서(한글 파일) 및 표지(PDF 파일)를 전자우편으로 제출

- 담당부서 연구협력관 메일[별첨 1] 및 기획담당관 이경은 사무관(lkeun115@korea.kr)메일로 동시 제출

* 개인정보 수집 이용 및 제3자 제공동의서([별첨 4])는 담당부서 연구협력관에게만 제출

- 제출 전자우편 제목은 ‘과제명-소속기관-책임연구원 성명’으로 기재하고, 내용에 연락처(휴대전화번호)를 반드시 기재

- 정책연구 제안서 접수 확인은 메일로 회신하며, 접수 회신이 없는 경우 연구협력관에게 전화로 문의 요망

 

※ 자세한 내용은 첨부파일을 참고하여 주시기 바랍니다.','admin',to_date('20/10/16','RR/MM/DD'),4,null,null,227,0,0);
Insert into CTEAM.NOTICE (ID,TITLE,CONTENT,WRITER,WRITEDATE,READCNT,FILENAME,FILEPATH,ROOT,STEP,INDENT) values (229,'개인정보 처리방침 개정안내','녕하세요. 카카오(이하 ‘회사’)입니다.



서비스를 이용해 주시는 이용자 여러분께 감사드리며, 새로운 개인정보 처리방침 적용에 관한 안내 말씀 드립니다



회사는 이용자 여러분의 개인정보를 무엇보다 소중하게 처리하고 있으며, 어떤 사안보다도 우선하여 안전하게 관리하고 있습니다.



새롭게 변경될 개인정보 처리방침 내용을 확인하시고 서비스 이용에 참고하시기 바랍니다.





1. 변경 사항



  1) 개인정보 수집 항목이 추가됩니다.
    - 서비스 변경에 따라 ''멜론'' 서비스에서 수집하는 항목이 추가됩니다.

image


  2) 개인정보 제공 항목이 추가됩니다.
    - 서비스 변경에 따라 ''멜론'' 서비스에서 제공하는 항목이 추가됩니다.

image



2. 변경 시기



 변경된 개인정보 처리방침은 2020년 06월 29일(월)자로 효력이 발생됩니다.







3. 문의 및 동의 철회



새로운 개인정보 처리방침 내용에 동의하지 않으시는 경우, 각 서비스 내에서 “탈퇴”를 신청하여 회원 탈퇴를 하실 수 있습니다.



개인정보 처리방침 내용에 대한 문의사항이 있으신 경우, 

개인정보보호 담당부서(카카오: 고객센터 / 멜론 고객센터: melon_privacy@kakaocorp.com) 로 문의주시면 친절하게 안내해 드리겠습니다.



회사는 앞으로도 이용자의 개인정보를 보다 안전하게 보호할 것을 약속드리며, 신뢰받는 서비스로 보답하겠습니다.



감사합니다.    ','admin',to_date('20/10/16','RR/MM/DD'),3,null,null,229,0,0);
Insert into CTEAM.NOTICE (ID,TITLE,CONTENT,WRITER,WRITEDATE,READCNT,FILENAME,FILEPATH,ROOT,STEP,INDENT) values (230,'2020년 제9차 민간자격 등록폐지 공고','[교육부 공고 제2020-363호]

 

자격기본법 제18조의3 제2항 및 제18조의4에 의거 우리부에 등록폐지를 신고한 민간자격에 대하여 같은 법 시행령 제23조의5 제2항 및 제3항의 규정에 따라 붙임과 같이 공고합니다.

 

2020.10.8.','admin',to_date('20/10/16','RR/MM/DD'),6,null,null,230,0,0);
Insert into CTEAM.NOTICE (ID,TITLE,CONTENT,WRITER,WRITEDATE,READCNT,FILENAME,FILEPATH,ROOT,STEP,INDENT) values (231,'2020년 재외교육기관포털 사업 수행기관 공모','[교육부 공고 제2020-318호]
 

공모

 

「재외교육기관포털 운영 사업」을 전문적이고 체계적으로 수행할 기관을 아래와 같이 공모·선정하고자 하오니, 관심 있는 기관에서는 신청하여 주시기 바랍니다.

 

 

2020. 10. 12.

 

부총리 겸 교육부장관','admin',to_date('20/10/16','RR/MM/DD'),1,null,null,231,0,0);
Insert into CTEAM.NOTICE (ID,TITLE,CONTENT,WRITER,WRITEDATE,READCNT,FILENAME,FILEPATH,ROOT,STEP,INDENT) values (232,'법학전문대학원 설치운영에 관한 법률 시행령 일부개정령(안) 입법예고','교육부 공고 제2020 - 368 호


  「법학전문대학원 설치·운영에 관한 법률 시행령」을 개정함에 있어 그 개정 이유와 주요 내용을 국민에게 미리 알려 이에 대한 의견을 듣고자 행정절차법 제41조에 따라 다음과 같이 공고합니다.



2020년  10월 14일


부총리 겸 교육부장관','admin',to_date('20/10/16','RR/MM/DD'),2,null,null,232,0,0);
Insert into CTEAM.NOTICE (ID,TITLE,CONTENT,WRITER,WRITEDATE,READCNT,FILENAME,FILEPATH,ROOT,STEP,INDENT) values (233,'2020년 정책연구과제(“조직진단을 통한 거점 국립대학의 인력 효율화 방안 연구") 연구자 선정 재공모','교육부에서는 2020년 정책연구과제(“조직진단을 통한 거점 국립대학의 인력 효율화 방안 연구")를 수행할 연구자를 재공모하오니

해당 연구과제를 수행하고자 하는 연구자께서는 아래의 절차에 따라 신청하여 주시기 바랍니다.

 

□ 응모 방법

ㅇ 제출 서류 : 정책연구 제안서 ([별첨 2] 서식 참조)

- 정책연구 제안서는 공문없이 신청서 표지에 계약체결기관 직인 날인 후 제출(표지 PDF파일 형태)

- 정책연구 제안서 작성과 관련된 구체적인 사항은 담당부서의 연구협력관에게 문의하시기 바라며,

   연구비 소요액은 [별첨 1]연구과제별 연구비 한도내에서 [별첨 3] ‘정책연구용역비 산정기준 안내’에 따라 작성

 

ㅇ 제출기한 : 2020. 10. 13.(화) 18:00까지

 

ㅇ 제출방법 : 제안서(한글 파일) 및 표지(PDF 파일)를 전자우편으로 제출

- 담당부서 연구협력관 메일[별첨 1] 및 기획담당관 이경은 사무관(lkeun115@korea.kr)메일로 동시 제출

* 개인정보 수집 이용 및 제3자 제공동의서([별첨 4])는 담당부서 연구협력관에게만 제출

- 제출 전자우편 제목은 ‘과제명-소속기관-책임연구원 성명’으로 기재하고, 내용에 연락처(휴대전화번호)를 반드시 기재

- 정책연구 제안서 접수 확인은 메일로 회신하며, 접수 회신이 없는 경우 연구협력관에게 전화로 문의 요망

 

※ 자세한 내용은 첨부파일을 참고하여 주시기 바랍니다.','admin',to_date('20/10/16','RR/MM/DD'),11,null,null,233,0,0);
Insert into CTEAM.NOTICE (ID,TITLE,CONTENT,WRITER,WRITEDATE,READCNT,FILENAME,FILEPATH,ROOT,STEP,INDENT) values (235,'개인정보 처리방침 개정안내','녕하세요. 카카오(이하 ‘회사’)입니다.



서비스를 이용해 주시는 이용자 여러분께 감사드리며, 새로운 개인정보 처리방침 적용에 관한 안내 말씀 드립니다



회사는 이용자 여러분의 개인정보를 무엇보다 소중하게 처리하고 있으며, 어떤 사안보다도 우선하여 안전하게 관리하고 있습니다.



새롭게 변경될 개인정보 처리방침 내용을 확인하시고 서비스 이용에 참고하시기 바랍니다.





1. 변경 사항



  1) 개인정보 수집 항목이 추가됩니다.
    - 서비스 변경에 따라 ''멜론'' 서비스에서 수집하는 항목이 추가됩니다.

image


  2) 개인정보 제공 항목이 추가됩니다.
    - 서비스 변경에 따라 ''멜론'' 서비스에서 제공하는 항목이 추가됩니다.

image



2. 변경 시기



 변경된 개인정보 처리방침은 2020년 06월 29일(월)자로 효력이 발생됩니다.







3. 문의 및 동의 철회



새로운 개인정보 처리방침 내용에 동의하지 않으시는 경우, 각 서비스 내에서 “탈퇴”를 신청하여 회원 탈퇴를 하실 수 있습니다.



개인정보 처리방침 내용에 대한 문의사항이 있으신 경우, 

개인정보보호 담당부서(카카오: 고객센터 / 멜론 고객센터: melon_privacy@kakaocorp.com) 로 문의주시면 친절하게 안내해 드리겠습니다.



회사는 앞으로도 이용자의 개인정보를 보다 안전하게 보호할 것을 약속드리며, 신뢰받는 서비스로 보답하겠습니다.



감사합니다.    ','admin',to_date('20/10/16','RR/MM/DD'),1,null,null,235,0,0);
Insert into CTEAM.NOTICE (ID,TITLE,CONTENT,WRITER,WRITEDATE,READCNT,FILENAME,FILEPATH,ROOT,STEP,INDENT) values (237,'2020년 재외교육기관포털 사업 수행기관 공모','[교육부 공고 제2020-318호]
 

공모

 

「재외교육기관포털 운영 사업」을 전문적이고 체계적으로 수행할 기관을 아래와 같이 공모·선정하고자 하오니, 관심 있는 기관에서는 신청하여 주시기 바랍니다.

 

 

2020. 10. 12.

 

부총리 겸 교육부장관','admin',to_date('20/10/16','RR/MM/DD'),18,null,null,237,0,0);
Insert into CTEAM.NOTICE (ID,TITLE,CONTENT,WRITER,WRITEDATE,READCNT,FILENAME,FILEPATH,ROOT,STEP,INDENT) values (238,'법학전문대학원 설치운영에 관한 법률 시행령 일부개정령(안) 입법예고','교육부 공고 제2020 - 368 호


  「법학전문대학원 설치·운영에 관한 법률 시행령」을 개정함에 있어 그 개정 이유와 주요 내용을 국민에게 미리 알려 이에 대한 의견을 듣고자 행정절차법 제41조에 따라 다음과 같이 공고합니다.



2020년  10월 14일


부총리 겸 교육부장관','admin',to_date('20/10/16','RR/MM/DD'),14,'4.PNG','/upload/notice/2020/10/21/01261a2d-e955-4ade-a3a1-4061642b9c6e_4.PNG',238,0,0);
Insert into CTEAM.NOTICE (ID,TITLE,CONTENT,WRITER,WRITEDATE,READCNT,FILENAME,FILEPATH,ROOT,STEP,INDENT) values (239,'2020년 정책연구과제(“조직진단을 통한 거점 국립대학의 인력 효율화 방안 연구','f','admin',to_date('20/10/16','RR/MM/DD'),33,'DB.txt','/upload/notice/2020/10/23/2961aa11-46ef-4fb5-b04d-adaa2b941ad8_DB.txt',239,0,0);
Insert into CTEAM.NOTICE (ID,TITLE,CONTENT,WRITER,WRITEDATE,READCNT,FILENAME,FILEPATH,ROOT,STEP,INDENT) values (241,'개인정보 처리방침 개정안내','
회사는 이용자 여러분의 개인정보를 무엇보다 소중하게 처리하고 있으며, 어떤 사안보다도 우선하여 안전하게 관리하고 있습니다.



새롭게 변경될 개인정보 처리방침 내용을 확인하시고 서비스 이용에 참고하시기 바랍니다.





1. 변경 사항



  1) 개인정보 수집 항목이 추가됩니다.
    - 서비스 변경에 따라 ''멜론'' 서비스에서 수집하는 항목이 추가됩니다.

image


  2) 개인정보 제공 항목이 추가됩니다.
    - 서비스 변경에 따라 ''멜론'' 서비스에서 제공하는 항목이 추가됩니다.

image



2. 변경 시기



 변경된 개인정보 처리방침은 2020년 06월 29일(월)자로 효력이 발생됩니다.







3. 문의 및 동의 철회



새로운 개인정보 처리방침 내용에 동의하지 않으시는 경우, 각 서비스 내에서 “탈퇴”를 신청하여 회원 탈퇴를 하실 수 있습니다.



개인정보 처리방침 내용에 대한 문의사항이 있으신 경우, 

개인정보보호 담당부서(카카오: 고객센터 / 멜론 고객센터: melon_privacy@kakaocorp.com) 로 문의주시면 친절하게 안내해 드리겠습니다.



회사는 앞으로도 이용자의 개인정보를 보다 안전하게 보호할 것을 약속드리며, 신뢰받는 서비스로 보답하겠습니다.



감사합니다.    ','admin',to_date('20/10/16','RR/MM/DD'),32,null,null,241,0,0);
Insert into CTEAM.NOTICE (ID,TITLE,CONTENT,WRITER,WRITEDATE,READCNT,FILENAME,FILEPATH,ROOT,STEP,INDENT) values (256,'우산안쓴 트럼프','ㅇㅇ','admin',to_date('20/10/23','RR/MM/DD'),1,'우산 쓴 트럼프.jpg','/upload/notice/2020/10/23/506f7b46-ac48-408c-8fd6-6b921aa5360a_우산 쓴 트럼프.jpg',255,1,1);
REM INSERTING into CTEAM.ORDERLIST
SET DEFINE OFF;
Insert into CTEAM.ORDERLIST (ORDER_NUM,MEMBER_ID,MEMBER_PHONENUM,MEMBER_NAME,ORDER_DATE,SHIPPING_MESSAGE,SHIPPING_ADDRESS,SHIPPING_PHONENUM,SHIPPING_NAME,ORDER_STATE,SHIPPING_ADDRESS2,SHIPPING_POST,MEMBER_EMAIL,PAY,ORDER_SEQ) values (202010231110855,'c','01036698754','씨팀','20/10/23','1층사무실에 맡겨주세요','광주 서구 경열로 3','01055554444','수아니','배송중','한울직업전문학교','61928','asd@gmail.com','무통장입금','117');
Insert into CTEAM.ORDERLIST (ORDER_NUM,MEMBER_ID,MEMBER_PHONENUM,MEMBER_NAME,ORDER_DATE,SHIPPING_MESSAGE,SHIPPING_ADDRESS,SHIPPING_PHONENUM,SHIPPING_NAME,ORDER_STATE,SHIPPING_ADDRESS2,SHIPPING_POST,MEMBER_EMAIL,PAY,ORDER_SEQ) values (20201023285029,'c','01036698754','씨팀','20/10/23','노크해주세요','광주 서구 상무공원로 2(광주골프프라자빌딩)','01065423587','수아니','상품준비중','2층 201호','61961','asd@gmail.com','무통장입금','118');
Insert into CTEAM.ORDERLIST (ORDER_NUM,MEMBER_ID,MEMBER_PHONENUM,MEMBER_NAME,ORDER_DATE,SHIPPING_MESSAGE,SHIPPING_ADDRESS,SHIPPING_PHONENUM,SHIPPING_NAME,ORDER_STATE,SHIPPING_ADDRESS2,SHIPPING_POST,MEMBER_EMAIL,PAY,ORDER_SEQ) values (202010234168076,'cteam','01045789635','suan','20/10/23','1층사무실에 맡겨주세요','서울 강남구 가로수길 9','01055559999','임티시','상품준비중','705동 450호','06035','cteam@gmail.com','신용카드','119');
Insert into CTEAM.ORDERLIST (ORDER_NUM,MEMBER_ID,MEMBER_PHONENUM,MEMBER_NAME,ORDER_DATE,SHIPPING_MESSAGE,SHIPPING_ADDRESS,SHIPPING_PHONENUM,SHIPPING_NAME,ORDER_STATE,SHIPPING_ADDRESS2,SHIPPING_POST,MEMBER_EMAIL,PAY,ORDER_SEQ) values (202010231751880,'suanmu11','01012345678','정수안무','20/10/23','어쩌구','서울 강남구 양재천로 163(바디프랜드 도곡타워)','01022222222','정수안','상품준비중',null,'06302','public-email@naver.com','무통장입금','120');
Insert into CTEAM.ORDERLIST (ORDER_NUM,MEMBER_ID,MEMBER_PHONENUM,MEMBER_NAME,ORDER_DATE,SHIPPING_MESSAGE,SHIPPING_ADDRESS,SHIPPING_PHONENUM,SHIPPING_NAME,ORDER_STATE,SHIPPING_ADDRESS2,SHIPPING_POST,MEMBER_EMAIL,PAY,ORDER_SEQ) values (202010231617305,'suanmu11','01012345678','정수안무','20/10/23','3','서울 강남구 도곡동 448-2(바디프랜드 도곡타워)','01023132131','정수안','상품준비중','ㅇㅇ','06302','public-email@naver.com','무통장입금','121');
Insert into CTEAM.ORDERLIST (ORDER_NUM,MEMBER_ID,MEMBER_PHONENUM,MEMBER_NAME,ORDER_DATE,SHIPPING_MESSAGE,SHIPPING_ADDRESS,SHIPPING_PHONENUM,SHIPPING_NAME,ORDER_STATE,SHIPPING_ADDRESS2,SHIPPING_POST,MEMBER_EMAIL,PAY,ORDER_SEQ) values (202010232967094,'suanmu11','01012345678','정수안무','20/10/23','ㅇ','서울 강남구 개포동 1163-8','01023123123','겨겨미','상품준비중','어쩌구','06313','public-email@naver.com','무통장입금','122');
Insert into CTEAM.ORDERLIST (ORDER_NUM,MEMBER_ID,MEMBER_PHONENUM,MEMBER_NAME,ORDER_DATE,SHIPPING_MESSAGE,SHIPPING_ADDRESS,SHIPPING_PHONENUM,SHIPPING_NAME,ORDER_STATE,SHIPPING_ADDRESS2,SHIPPING_POST,MEMBER_EMAIL,PAY,ORDER_SEQ) values (20201023264681,'j','01022225555','정자몽','20/10/23','문앞에 놔주세요','광주 서구 광천효광길 6(광천동남화아파트)','01065423587','수안정','배송완료','207-612','61913','jjjj@gmail.com','신용카드','115');
Insert into CTEAM.ORDERLIST (ORDER_NUM,MEMBER_ID,MEMBER_PHONENUM,MEMBER_NAME,ORDER_DATE,SHIPPING_MESSAGE,SHIPPING_ADDRESS,SHIPPING_PHONENUM,SHIPPING_NAME,ORDER_STATE,SHIPPING_ADDRESS2,SHIPPING_POST,MEMBER_EMAIL,PAY,ORDER_SEQ) values (202010233078584,'j','01022225555','정자몽','20/10/23','경비실에 맡겨주세요','광주 광산구 목련로153번길 20(목련초등학교)','01022226666','자몽','배송중','705동 450호','62325','jjjj@gmail.com','무통장입금','116');
Insert into CTEAM.ORDERLIST (ORDER_NUM,MEMBER_ID,MEMBER_PHONENUM,MEMBER_NAME,ORDER_DATE,SHIPPING_MESSAGE,SHIPPING_ADDRESS,SHIPPING_PHONENUM,SHIPPING_NAME,ORDER_STATE,SHIPPING_ADDRESS2,SHIPPING_POST,MEMBER_EMAIL,PAY,ORDER_SEQ) values (20201023904160,'j','01022225555','정자몽','20/10/23','하운','광주 서구 경열로 3','0100123456','정수안','상품준비중',null,'61928','jjjj@gmail.com','무통장입금','123');
Insert into CTEAM.ORDERLIST (ORDER_NUM,MEMBER_ID,MEMBER_PHONENUM,MEMBER_NAME,ORDER_DATE,SHIPPING_MESSAGE,SHIPPING_ADDRESS,SHIPPING_PHONENUM,SHIPPING_NAME,ORDER_STATE,SHIPPING_ADDRESS2,SHIPPING_POST,MEMBER_EMAIL,PAY,ORDER_SEQ) values (202010231581358,'j','01022225555','정자몽','20/10/23','집앞에놔주세요','경기 안성시 보개면 삼강안길 23','0100123456','정수안','배송중','201동 456호','17508','jjjj@gmail.com','신용카드','124');
Insert into CTEAM.ORDERLIST (ORDER_NUM,MEMBER_ID,MEMBER_PHONENUM,MEMBER_NAME,ORDER_DATE,SHIPPING_MESSAGE,SHIPPING_ADDRESS,SHIPPING_PHONENUM,SHIPPING_NAME,ORDER_STATE,SHIPPING_ADDRESS2,SHIPPING_POST,MEMBER_EMAIL,PAY,ORDER_SEQ) values (20201023817331,'suanmu11','01012345678','정수안무','20/10/23',null,'서울 강남구 가로수길 5','0100123456','정수안','상품준비중','201동 456호','06035','public-email@naver.com','신용카드','125');
Insert into CTEAM.ORDERLIST (ORDER_NUM,MEMBER_ID,MEMBER_PHONENUM,MEMBER_NAME,ORDER_DATE,SHIPPING_MESSAGE,SHIPPING_ADDRESS,SHIPPING_PHONENUM,SHIPPING_NAME,ORDER_STATE,SHIPPING_ADDRESS2,SHIPPING_POST,MEMBER_EMAIL,PAY,ORDER_SEQ) values (202010231592808,'suanmu11','01012345678','정수안무','20/10/23','집앞에놔주세요','광주 서구 경열로 3','0100123456','정수안','배송중','201동 456호','61928','public-email@naver.com','무통장입금','126');
REM INSERTING into CTEAM.ORDERLIST_GOODS
SET DEFINE OFF;
Insert into CTEAM.ORDERLIST_GOODS (ORDERLIST_GOODS_NUM,ORDER_NUM,ITEM_NUM,OPTION_INFO) values (139,202010233078584,55,'초빤@1');
Insert into CTEAM.ORDERLIST_GOODS (ORDERLIST_GOODS_NUM,ORDER_NUM,ITEM_NUM,OPTION_INFO) values (140,202010233078584,57,'S@1');
Insert into CTEAM.ORDERLIST_GOODS (ORDERLIST_GOODS_NUM,ORDER_NUM,ITEM_NUM,OPTION_INFO) values (141,202010233078584,75,'베@1');
Insert into CTEAM.ORDERLIST_GOODS (ORDERLIST_GOODS_NUM,ORDER_NUM,ITEM_NUM,OPTION_INFO) values (142,202010231110855,56,'XS@1');
Insert into CTEAM.ORDERLIST_GOODS (ORDERLIST_GOODS_NUM,ORDER_NUM,ITEM_NUM,OPTION_INFO) values (143,20201023285029,55,'초빤@1');
Insert into CTEAM.ORDERLIST_GOODS (ORDERLIST_GOODS_NUM,ORDER_NUM,ITEM_NUM,OPTION_INFO) values (144,20201023285029,56,'S@1');
Insert into CTEAM.ORDERLIST_GOODS (ORDERLIST_GOODS_NUM,ORDER_NUM,ITEM_NUM,OPTION_INFO) values (145,202010234168076,57,'M@1');
Insert into CTEAM.ORDERLIST_GOODS (ORDERLIST_GOODS_NUM,ORDER_NUM,ITEM_NUM,OPTION_INFO) values (146,202010231751880,56,'S@2/XS@2');
Insert into CTEAM.ORDERLIST_GOODS (ORDERLIST_GOODS_NUM,ORDER_NUM,ITEM_NUM,OPTION_INFO) values (138,20201023264681,46,'s@1');
Insert into CTEAM.ORDERLIST_GOODS (ORDERLIST_GOODS_NUM,ORDER_NUM,ITEM_NUM,OPTION_INFO) values (147,202010231617305,56,'S@2/XS@2');
Insert into CTEAM.ORDERLIST_GOODS (ORDERLIST_GOODS_NUM,ORDER_NUM,ITEM_NUM,OPTION_INFO) values (148,202010232967094,57,'M@3/S@2');
Insert into CTEAM.ORDERLIST_GOODS (ORDERLIST_GOODS_NUM,ORDER_NUM,ITEM_NUM,OPTION_INFO) values (149,202010232967094,52,'피카츄@1');
Insert into CTEAM.ORDERLIST_GOODS (ORDERLIST_GOODS_NUM,ORDER_NUM,ITEM_NUM,OPTION_INFO) values (150,20201023904160,75,'흰@5/빨@1');
Insert into CTEAM.ORDERLIST_GOODS (ORDERLIST_GOODS_NUM,ORDER_NUM,ITEM_NUM,OPTION_INFO) values (151,202010231581358,57,'M@1');
Insert into CTEAM.ORDERLIST_GOODS (ORDERLIST_GOODS_NUM,ORDER_NUM,ITEM_NUM,OPTION_INFO) values (152,202010231581358,74,'S@1');
Insert into CTEAM.ORDERLIST_GOODS (ORDERLIST_GOODS_NUM,ORDER_NUM,ITEM_NUM,OPTION_INFO) values (153,202010231581358,75,'빨@1');
Insert into CTEAM.ORDERLIST_GOODS (ORDERLIST_GOODS_NUM,ORDER_NUM,ITEM_NUM,OPTION_INFO) values (154,20201023817331,74,'L@1/S@2');
Insert into CTEAM.ORDERLIST_GOODS (ORDERLIST_GOODS_NUM,ORDER_NUM,ITEM_NUM,OPTION_INFO) values (155,202010231592808,74,'M@1');
Insert into CTEAM.ORDERLIST_GOODS (ORDERLIST_GOODS_NUM,ORDER_NUM,ITEM_NUM,OPTION_INFO) values (156,202010231592808,57,'S@2');
Insert into CTEAM.ORDERLIST_GOODS (ORDERLIST_GOODS_NUM,ORDER_NUM,ITEM_NUM,OPTION_INFO) values (157,202010231592808,75,'베@1');
REM INSERTING into CTEAM.PETADD
SET DEFINE OFF;
Insert into CTEAM.PETADD (PETNAME,PETWEIGHT,PETGENDER,PETIMAGEPATH,MEMBER_ID,PETAGE) values ('연두','4','남(중성화 O)','http://192.168.0.37:8080/app/resources/My20200730_031154.jpg','j','6');
Insert into CTEAM.PETADD (PETNAME,PETWEIGHT,PETGENDER,PETIMAGEPATH,MEMBER_ID,PETAGE) values ('진순','15','여(중성화 O)','http://192.168.0.37:8080/app/resources/My20200730_031012.jpg','j','2');
Insert into CTEAM.PETADD (PETNAME,PETWEIGHT,PETGENDER,PETIMAGEPATH,MEMBER_ID,PETAGE) values ('고니','7','남(중성화 O)','http://112.164.58.7:8080/app/resources/1603426663179.jpg','suanmu11','6');
Insert into CTEAM.PETADD (PETNAME,PETWEIGHT,PETGENDER,PETIMAGEPATH,MEMBER_ID,PETAGE) values ('정수안무','5000','여(중성화 O)','http://192.168.0.141:8080/app/resources/suan3.jpg','cteam','26');
Insert into CTEAM.PETADD (PETNAME,PETWEIGHT,PETGENDER,PETIMAGEPATH,MEMBER_ID,PETAGE) values ('진돌','9','남(중성화 O)','http://192.168.0.38:8080/app/resources/20200306_131101.jpg','oks8204','6');
Insert into CTEAM.PETADD (PETNAME,PETWEIGHT,PETGENDER,PETIMAGEPATH,MEMBER_ID,PETAGE) values ('dd','234','남(중성화 O)','http://192.168.0.141:8080/app/resources/My20201007_065331.jpg','suan1111','3');
Insert into CTEAM.PETADD (PETNAME,PETWEIGHT,PETGENDER,PETIMAGEPATH,MEMBER_ID,PETAGE) values ('관리자','100','여(중성화 X)','http://192.168.0.37:8080/app/resources/20180805_052739_-1834241850.jpg','admin','20');
Insert into CTEAM.PETADD (PETNAME,PETWEIGHT,PETGENDER,PETIMAGEPATH,MEMBER_ID,PETAGE) values ('가','5','남(중성화 O)','http://192.168.0.141:8080/app/resources/고니.jpg','cteam','11');
Insert into CTEAM.PETADD (PETNAME,PETWEIGHT,PETGENDER,PETIMAGEPATH,MEMBER_ID,PETAGE) values ('큐티수안','51','여(중성화 X)','http://192.168.0.38:8080/app/resources/IMG_20200730_030442.jpg','c','25');
REM INSERTING into CTEAM.PETPHOTO
SET DEFINE OFF;
Insert into CTEAM.PETPHOTO (PETPHOTO_NO,PETNAME,PETPHOTO_IMGPATH,PETPHOTO_CONTENT,PETPHOTO_DATE,MEMBER_ID) values (82,'진돌','http://192.168.0.141:8080/app/resources/My20201022_123833.jpg','카펫트','20/10/22','oks8204');
Insert into CTEAM.PETPHOTO (PETPHOTO_NO,PETNAME,PETPHOTO_IMGPATH,PETPHOTO_CONTENT,PETPHOTO_DATE,MEMBER_ID) values (61,'고니','http://192.168.0.141:8080/app/resources/20201008_161723_HDR.jpg','아 조장형!','20/10/16','suanmu11');
Insert into CTEAM.PETPHOTO (PETPHOTO_NO,PETNAME,PETPHOTO_IMGPATH,PETPHOTO_CONTENT,PETPHOTO_DATE,MEMBER_ID) values (84,'고니','http://112.164.58.7:8080/app/resources/My20201023_152444.jpg','한울','20/10/23','suanmu11');
Insert into CTEAM.PETPHOTO (PETPHOTO_NO,PETNAME,PETPHOTO_IMGPATH,PETPHOTO_CONTENT,PETPHOTO_DATE,MEMBER_ID) values (83,'고니','http://112.164.58.7:8080/app/resources/My20201023_122808.jpg','성현이','20/10/23','suanmu11');
Insert into CTEAM.PETPHOTO (PETPHOTO_NO,PETNAME,PETPHOTO_IMGPATH,PETPHOTO_CONTENT,PETPHOTO_DATE,MEMBER_ID) values (53,'정수안무','http://192.168.0.141:8080/app/resources/download.jpeg','zzz','20/10/08','cteam');
Insert into CTEAM.PETPHOTO (PETPHOTO_NO,PETNAME,PETPHOTO_IMGPATH,PETPHOTO_CONTENT,PETPHOTO_DATE,MEMBER_ID) values (55,'큐티수안','http://192.168.0.38:8080/app/resources/My20201009_093216.jpg','ffffg','20/10/09','c');
Insert into CTEAM.PETPHOTO (PETPHOTO_NO,PETNAME,PETPHOTO_IMGPATH,PETPHOTO_CONTENT,PETPHOTO_DATE,MEMBER_ID) values (50,'연두','http://192.168.0.37:8080/app/resources/My20200730_031012.jpg','산책많이 했다	','20/10/06','j');
Insert into CTEAM.PETPHOTO (PETPHOTO_NO,PETNAME,PETPHOTO_IMGPATH,PETPHOTO_CONTENT,PETPHOTO_DATE,MEMBER_ID) values (51,'진순','http://192.168.0.37:8080/app/resources/My20200731_010315.jpg',null,'20/10/06','j');
Insert into CTEAM.PETPHOTO (PETPHOTO_NO,PETNAME,PETPHOTO_IMGPATH,PETPHOTO_CONTENT,PETPHOTO_DATE,MEMBER_ID) values (52,'정수안무','http://192.168.0.141:8080/app/resources/My20201007_065331.jpg','gmagma','20/10/07','cteam');
REM INSERTING into CTEAM.QNA
SET DEFINE OFF;
Insert into CTEAM.QNA (QNA_NUM,MEMBER_ID,QNA_TITLE,QNA_CONTENT) values (25,'admin','회원가입은 무료','네 무료입니다.!!!
');
Insert into CTEAM.QNA (QNA_NUM,MEMBER_ID,QNA_TITLE,QNA_CONTENT) values (26,'admin','회원 ID와 비밀번호를 잊어버렸어요','홈페이지 우측 상단 메뉴에 [로그인] 버튼 클릭 -> [아이디 찾기] [비밀번호 찾기]를 통해 찾으실 수 있습니다.
오류 발생시 하단의 회사 번호로 문의주시면 신속하게 안내해드리겠습니다.');
Insert into CTEAM.QNA (QNA_NUM,MEMBER_ID,QNA_TITLE,QNA_CONTENT) values (27,'admin','회원정보를 수정하고 싶어요','[로그인] 후 홈페이지 우측 상단 마이페이지 메뉴를 클릭하시면 수정하실 수 있습니다.
단, 아이디는 변경 불가합니다.');
Insert into CTEAM.QNA (QNA_NUM,MEMBER_ID,QNA_TITLE,QNA_CONTENT) values (28,'admin','직접 보고 살 수 있나요?','오프라인 매장 주소는 광주광역시 서구 경열로 3 입니다.');
Insert into CTEAM.QNA (QNA_NUM,MEMBER_ID,QNA_TITLE,QNA_CONTENT) values (29,'admin','교환&환불은 어떻게 하나요?','교환&환불은 010-8019-0092 으로 연락 바랍니다.');
Insert into CTEAM.QNA (QNA_NUM,MEMBER_ID,QNA_TITLE,QNA_CONTENT) values (30,'admin','IoT 펫방석이 무엇인가요??','올여름 반려동물의 궁둥짝을 후끈하게 데워줄 마법의 방석입니다.');
Insert into CTEAM.QNA (QNA_NUM,MEMBER_ID,QNA_TITLE,QNA_CONTENT) values (31,'admin','품절된 상품은 언제 재입고 되나요?','품절된 상품의 재입고는 거의 되지 않습니다. 
비슷한 상품이나 똑같은 상품이 들어올때도 간혹 있으나, 그 시기가 정확치 않아 미리 재입고 된다고 예정할 수 없는 점 양해 부탁드립니다...');
Insert into CTEAM.QNA (QNA_NUM,MEMBER_ID,QNA_TITLE,QNA_CONTENT) values (32,'admin','홈페이지 왜 이렇게 예쁜가요?','감사합니다^^');
Insert into CTEAM.QNA (QNA_NUM,MEMBER_ID,QNA_TITLE,QNA_CONTENT) values (33,'admin','자몽이랑 산책하고 싶어요','광산구로 오세요~');
Insert into CTEAM.QNA (QNA_NUM,MEMBER_ID,QNA_TITLE,QNA_CONTENT) values (36,'admin','테스형!','소크라테스형!');
Insert into CTEAM.QNA (QNA_NUM,MEMBER_ID,QNA_TITLE,QNA_CONTENT) values (35,'admin','테스트는 테스트','테스트 중입니다.......람쥐');
REM INSERTING into CTEAM.REVIEW
SET DEFINE OFF;
REM INSERTING into CTEAM.SELL_ITEM
SET DEFINE OFF;
Insert into CTEAM.SELL_ITEM (ITEM_NUM,ITEM_NAME,ITEM_PRICE,ITEM_IMGPATH,ITEM_CONTENT,ITEM_CONTENT_IMGPATH,ITEM_CODE) values (75,' 사르륵침대',800000,'/upload/Item/2020/10/23/35762746-3613-4acd-b15d-abe538367b10_사르륵침대.gif','우리 멍멍이두 침대가 가지고 싶어요!
푹신함이 두배! 수면의 질이 향상되어 짖는 소리조차 달라졌다네요 효자상품! 단돈 $# 80000원 #@에 모십니다','/upload/content/2020/10/23/ba8ac525-1c28-4324-80fc-eea75b11f2c2_사르륵침대.gif','dog121');
Insert into CTEAM.SELL_ITEM (ITEM_NUM,ITEM_NAME,ITEM_PRICE,ITEM_IMGPATH,ITEM_CONTENT,ITEM_CONTENT_IMGPATH,ITEM_CODE) values (76,'캣휠',200000,'/upload/Item/2020/10/23/eb9ebb84-fd6a-466f-897f-4023c5e905c7_캣휠.jpg','캣휠로 운동해요','/upload/content/2020/10/23/3b19dfda-ffe2-416a-a19d-525615c11cf9_설명3.jpg','cat005');
Insert into CTEAM.SELL_ITEM (ITEM_NUM,ITEM_NAME,ITEM_PRICE,ITEM_IMGPATH,ITEM_CONTENT,ITEM_CONTENT_IMGPATH,ITEM_CODE) values (52,'    피카츄',100,'/upload/Item/2020/10/21/79fa265d-d7d3-411c-b3be-987aaeadc279_피카츄.png','삐까,,,,,,','/upload/content/2020/10/21/d25f466c-76fe-4663-ad3e-5796a394ad84_설명2.jpg','mst001');
Insert into CTEAM.SELL_ITEM (ITEM_NUM,ITEM_NAME,ITEM_PRICE,ITEM_IMGPATH,ITEM_CONTENT,ITEM_CONTENT_IMGPATH,ITEM_CODE) values (46,'숨숨집',30000,'/upload/Item/2020/10/15/273e55a1-be47-4955-a7cf-63fa86b6cd5f_트리숨숨집.jpg','귀여운 트리 숨숨집','/upload/content/2020/10/15/c6d85667-9abe-492d-9e48-d3f8bd17feda_설명4.jpg','cat003');
Insert into CTEAM.SELL_ITEM (ITEM_NUM,ITEM_NAME,ITEM_PRICE,ITEM_IMGPATH,ITEM_CONTENT,ITEM_CONTENT_IMGPATH,ITEM_CODE) values (55,'뚱이',1500,'/upload/Item/2020/10/19/6615831d-dd68-460e-8249-246c6bb8a334_뚱이.png','옵션은 팬티뿐xx','/upload/content/2020/10/19/8e599947-dcab-46c1-a436-210b7228bf59_설명2.jpg','mst002');
Insert into CTEAM.SELL_ITEM (ITEM_NUM,ITEM_NAME,ITEM_PRICE,ITEM_IMGPATH,ITEM_CONTENT,ITEM_CONTENT_IMGPATH,ITEM_CODE) values (78,'iot방석',50000,'/upload/Item/2020/10/23/e5979bac-c7b9-4561-9bfe-431d0e4c5e4f_iot방석 대표사.jpeg','따듯한 방석','/upload/content/2020/10/23/544ad972-2435-4f1b-90e9-037c368ec851_iot 상세.jpeg','dog013');
Insert into CTEAM.SELL_ITEM (ITEM_NUM,ITEM_NAME,ITEM_PRICE,ITEM_IMGPATH,ITEM_CONTENT,ITEM_CONTENT_IMGPATH,ITEM_CODE) values (56,'    펀칭OPS',42000,'/upload/Item/2020/10/21/abdabafb-b9db-4717-9ce4-2d7cabb250a5_잇츠써니.jpg','베스트아이템 펀칭원피스입니다.<br/>
얅고 시원한 소재라 초여름까지 입힐 수 있어요 :)','/upload/content/2020/10/21/7283677b-bc68-486a-9bc1-842113943249_잇츠써니 상세.jpg','dog111');
Insert into CTEAM.SELL_ITEM (ITEM_NUM,ITEM_NAME,ITEM_PRICE,ITEM_IMGPATH,ITEM_CONTENT,ITEM_CONTENT_IMGPATH,ITEM_CODE) values (57,' 리버티원피스',92000,'/upload/Item/2020/10/20/36c587e9-998c-41d7-96d2-1b3297f83f96_메인.JPG','고급스러운 디테일이 듬뿍 들어간 ‘블리스 드레스’입니다.<br/>
영국 런던 리버티에서 수입한 원단으로 섬세한 프린팅과
매끈하고 부드러운 촉감을 좋아하는 친구들에게 안성맞춤입니다.<br/><br/>

드레스 하나만으로도 트렌디하고 세련된 무드를 자아내며
어깨에 이중 프릴로 한층 예쁜 핏에 리버티 퍼플 택으로 생기를 더했어요.<br/>
반하이 프릴 네크라인에 트렌디한 자개 단추로 포인트를 주었습니다.<br/><br/>
 
드레스에 작고 귀여운 레이스 디테일을 더해 어디에서도 볼 수 없는
특별한 드레스, 2020 F/W 가장 추천 드리는 제품입니다.','/upload/content/2020/10/20/0df5c427-e6b6-4c54-bff9-bda7ab30f776_리버티.jpg','dog115');
Insert into CTEAM.SELL_ITEM (ITEM_NUM,ITEM_NAME,ITEM_PRICE,ITEM_IMGPATH,ITEM_CONTENT,ITEM_CONTENT_IMGPATH,ITEM_CODE) values (74,' 포근이방석',70000,'/upload/Item/2020/10/23/11541130-16c1-4b10-9c90-0fc2e6075d1b_포근이방석.gif','포근포근 사르륵 잠드는 침대입니다.!!','/upload/content/2020/10/23/803329fe-b52d-4e06-94f0-6112559766a1_포근이방석설명.jpg','dog003');
REM INSERTING into CTEAM.SELL_ITEM_OPTION
SET DEFINE OFF;
Insert into CTEAM.SELL_ITEM_OPTION (ITEM_NUM,OPTION_NAME,ITEM_CODE) values (56,'XS','dog111');
Insert into CTEAM.SELL_ITEM_OPTION (ITEM_NUM,OPTION_NAME,ITEM_CODE) values (52,'피카츄','mst001');
Insert into CTEAM.SELL_ITEM_OPTION (ITEM_NUM,OPTION_NAME,ITEM_CODE) values (52,'라이츄','mst001');
Insert into CTEAM.SELL_ITEM_OPTION (ITEM_NUM,OPTION_NAME,ITEM_CODE) values (56,'S','dog111');
Insert into CTEAM.SELL_ITEM_OPTION (ITEM_NUM,OPTION_NAME,ITEM_CODE) values (56,'M','dog111');
Insert into CTEAM.SELL_ITEM_OPTION (ITEM_NUM,OPTION_NAME,ITEM_CODE) values (56,'L','dog111');
Insert into CTEAM.SELL_ITEM_OPTION (ITEM_NUM,OPTION_NAME,ITEM_CODE) values (76,'브라운','cat005');
Insert into CTEAM.SELL_ITEM_OPTION (ITEM_NUM,OPTION_NAME,ITEM_CODE) values (76,'네이비','cat005');
Insert into CTEAM.SELL_ITEM_OPTION (ITEM_NUM,OPTION_NAME,ITEM_CODE) values (74,'S','dog003');
Insert into CTEAM.SELL_ITEM_OPTION (ITEM_NUM,OPTION_NAME,ITEM_CODE) values (74,'M','dog003');
Insert into CTEAM.SELL_ITEM_OPTION (ITEM_NUM,OPTION_NAME,ITEM_CODE) values (57,'S','dog115');
Insert into CTEAM.SELL_ITEM_OPTION (ITEM_NUM,OPTION_NAME,ITEM_CODE) values (46,'s','cat003');
Insert into CTEAM.SELL_ITEM_OPTION (ITEM_NUM,OPTION_NAME,ITEM_CODE) values (46,'m','cat003');
Insert into CTEAM.SELL_ITEM_OPTION (ITEM_NUM,OPTION_NAME,ITEM_CODE) values (57,'M','dog115');
Insert into CTEAM.SELL_ITEM_OPTION (ITEM_NUM,OPTION_NAME,ITEM_CODE) values (55,'초빤','mst002');
Insert into CTEAM.SELL_ITEM_OPTION (ITEM_NUM,OPTION_NAME,ITEM_CODE) values (78,'S','dog013');
Insert into CTEAM.SELL_ITEM_OPTION (ITEM_NUM,OPTION_NAME,ITEM_CODE) values (78,'M','dog013');
Insert into CTEAM.SELL_ITEM_OPTION (ITEM_NUM,OPTION_NAME,ITEM_CODE) values (55,'파빤','mst002');
Insert into CTEAM.SELL_ITEM_OPTION (ITEM_NUM,OPTION_NAME,ITEM_CODE) values (76,'오크','cat005');
Insert into CTEAM.SELL_ITEM_OPTION (ITEM_NUM,OPTION_NAME,ITEM_CODE) values (57,'L','dog115');
Insert into CTEAM.SELL_ITEM_OPTION (ITEM_NUM,OPTION_NAME,ITEM_CODE) values (74,'L','dog003');
Insert into CTEAM.SELL_ITEM_OPTION (ITEM_NUM,OPTION_NAME,ITEM_CODE) values (75,'베','dog121');
Insert into CTEAM.SELL_ITEM_OPTION (ITEM_NUM,OPTION_NAME,ITEM_CODE) values (75,'빨','dog121');
Insert into CTEAM.SELL_ITEM_OPTION (ITEM_NUM,OPTION_NAME,ITEM_CODE) values (75,'흰','dog121');
Insert into CTEAM.SELL_ITEM_OPTION (ITEM_NUM,OPTION_NAME,ITEM_CODE) values (74,'dd','dog003');
--------------------------------------------------------
--  DDL for Index PETPHOTO_PK
--------------------------------------------------------

  CREATE UNIQUE INDEX "CTEAM"."PETPHOTO_PK" ON "CTEAM"."PETPHOTO" ("PETPHOTO_NO") 
  PCTFREE 10 INITRANS 2 MAXTRANS 255 COMPUTE STATISTICS 
  STORAGE(INITIAL 65536 NEXT 1048576 MINEXTENTS 1 MAXEXTENTS 2147483645
  PCTINCREASE 0 FREELISTS 1 FREELIST GROUPS 1 BUFFER_POOL DEFAULT FLASH_CACHE DEFAULT CELL_FLASH_CACHE DEFAULT)
  TABLESPACE "SYSTEM" ;
--------------------------------------------------------
--  DDL for Index REVIEW_PK
--------------------------------------------------------

  CREATE UNIQUE INDEX "CTEAM"."REVIEW_PK" ON "CTEAM"."REVIEW" ("REVIEW_NUM") 
  PCTFREE 10 INITRANS 2 MAXTRANS 255 COMPUTE STATISTICS 
  STORAGE(INITIAL 65536 NEXT 1048576 MINEXTENTS 1 MAXEXTENTS 2147483645
  PCTINCREASE 0 FREELISTS 1 FREELIST GROUPS 1 BUFFER_POOL DEFAULT FLASH_CACHE DEFAULT CELL_FLASH_CACHE DEFAULT)
  TABLESPACE "SYSTEM" ;
--------------------------------------------------------
--  DDL for Index SELL_ITEM_PK
--------------------------------------------------------

  CREATE UNIQUE INDEX "CTEAM"."SELL_ITEM_PK" ON "CTEAM"."SELL_ITEM" ("ITEM_NUM") 
  PCTFREE 10 INITRANS 2 MAXTRANS 255 COMPUTE STATISTICS 
  STORAGE(INITIAL 65536 NEXT 1048576 MINEXTENTS 1 MAXEXTENTS 2147483645
  PCTINCREASE 0 FREELISTS 1 FREELIST GROUPS 1 BUFFER_POOL DEFAULT FLASH_CACHE DEFAULT CELL_FLASH_CACHE DEFAULT)
  TABLESPACE "SYSTEM" ;
--------------------------------------------------------
--  DDL for Index BOARD_COMMENT_COMMENT_NUM_PK
--------------------------------------------------------

  CREATE UNIQUE INDEX "CTEAM"."BOARD_COMMENT_COMMENT_NUM_PK" ON "CTEAM"."BOARD_COMMENT" ("COMMENT_NUM") 
  PCTFREE 10 INITRANS 2 MAXTRANS 255 COMPUTE STATISTICS 
  STORAGE(INITIAL 65536 NEXT 1048576 MINEXTENTS 1 MAXEXTENTS 2147483645
  PCTINCREASE 0 FREELISTS 1 FREELIST GROUPS 1 BUFFER_POOL DEFAULT FLASH_CACHE DEFAULT CELL_FLASH_CACHE DEFAULT)
  TABLESPACE "SYSTEM" ;
--------------------------------------------------------
--  DDL for Index ORDERLIST_GOODS_PK
--------------------------------------------------------

  CREATE UNIQUE INDEX "CTEAM"."ORDERLIST_GOODS_PK" ON "CTEAM"."ORDERLIST_GOODS" ("ORDERLIST_GOODS_NUM") 
  PCTFREE 10 INITRANS 2 MAXTRANS 255 COMPUTE STATISTICS 
  STORAGE(INITIAL 65536 NEXT 1048576 MINEXTENTS 1 MAXEXTENTS 2147483645
  PCTINCREASE 0 FREELISTS 1 FREELIST GROUPS 1 BUFFER_POOL DEFAULT FLASH_CACHE DEFAULT CELL_FLASH_CACHE DEFAULT)
  TABLESPACE "SYSTEM" ;
--------------------------------------------------------
--  DDL for Index ORDERLIST_PK
--------------------------------------------------------

  CREATE UNIQUE INDEX "CTEAM"."ORDERLIST_PK" ON "CTEAM"."ORDERLIST" ("ORDER_NUM") 
  PCTFREE 10 INITRANS 2 MAXTRANS 255 COMPUTE STATISTICS 
  STORAGE(INITIAL 65536 NEXT 1048576 MINEXTENTS 1 MAXEXTENTS 2147483645
  PCTINCREASE 0 FREELISTS 1 FREELIST GROUPS 1 BUFFER_POOL DEFAULT FLASH_CACHE DEFAULT CELL_FLASH_CACHE DEFAULT)
  TABLESPACE "SYSTEM" ;
--------------------------------------------------------
--  DDL for Index QNA_PK
--------------------------------------------------------

  CREATE UNIQUE INDEX "CTEAM"."QNA_PK" ON "CTEAM"."QNA" ("QNA_NUM") 
  PCTFREE 10 INITRANS 2 MAXTRANS 255 COMPUTE STATISTICS 
  STORAGE(INITIAL 65536 NEXT 1048576 MINEXTENTS 1 MAXEXTENTS 2147483645
  PCTINCREASE 0 FREELISTS 1 FREELIST GROUPS 1 BUFFER_POOL DEFAULT FLASH_CACHE DEFAULT CELL_FLASH_CACHE DEFAULT)
  TABLESPACE "SYSTEM" ;
--------------------------------------------------------
--  DDL for Index MEMBERJOIN_PK
--------------------------------------------------------

  CREATE UNIQUE INDEX "CTEAM"."MEMBERJOIN_PK" ON "CTEAM"."MEMBERJOIN" ("MEMBER_ID") 
  PCTFREE 10 INITRANS 2 MAXTRANS 255 COMPUTE STATISTICS 
  STORAGE(INITIAL 65536 NEXT 1048576 MINEXTENTS 1 MAXEXTENTS 2147483645
  PCTINCREASE 0 FREELISTS 1 FREELIST GROUPS 1 BUFFER_POOL DEFAULT FLASH_CACHE DEFAULT CELL_FLASH_CACHE DEFAULT)
  TABLESPACE "SYSTEM" ;
--------------------------------------------------------
--  DDL for Index CART_PK
--------------------------------------------------------

  CREATE UNIQUE INDEX "CTEAM"."CART_PK" ON "CTEAM"."CART" ("CART_NUM") 
  PCTFREE 10 INITRANS 2 MAXTRANS 255 COMPUTE STATISTICS 
  STORAGE(INITIAL 65536 NEXT 1048576 MINEXTENTS 1 MAXEXTENTS 2147483645
  PCTINCREASE 0 FREELISTS 1 FREELIST GROUPS 1 BUFFER_POOL DEFAULT FLASH_CACHE DEFAULT CELL_FLASH_CACHE DEFAULT)
  TABLESPACE "SYSTEM" ;
--------------------------------------------------------
--  DDL for Index BOARD_PK
--------------------------------------------------------

  CREATE UNIQUE INDEX "CTEAM"."BOARD_PK" ON "CTEAM"."BOARD" ("BOARD_NUM") 
  PCTFREE 10 INITRANS 2 MAXTRANS 255 COMPUTE STATISTICS 
  STORAGE(INITIAL 65536 NEXT 1048576 MINEXTENTS 1 MAXEXTENTS 2147483645
  PCTINCREASE 0 FREELISTS 1 FREELIST GROUPS 1 BUFFER_POOL DEFAULT FLASH_CACHE DEFAULT CELL_FLASH_CACHE DEFAULT)
  TABLESPACE "SYSTEM" ;
--------------------------------------------------------
--  DDL for Trigger SELL_ITEM_TRG
--------------------------------------------------------

  CREATE OR REPLACE TRIGGER "CTEAM"."SELL_ITEM_TRG" 
	before insert on sell_item
	for each row
begin
	select sell_item_seq.nextval into :new.item_num from dual;
end;
/
ALTER TRIGGER "CTEAM"."SELL_ITEM_TRG" ENABLE;
--------------------------------------------------------
--  DDL for Trigger TRG_BOARD_COMMENT
--------------------------------------------------------

  CREATE OR REPLACE TRIGGER "CTEAM"."TRG_BOARD_COMMENT" 
	before insert on board_comment
	for each row
begin
	select seq_board_comment.nextval into :new.comment_num  from dual;
end;

/
ALTER TRIGGER "CTEAM"."TRG_BOARD_COMMENT" ENABLE;
--------------------------------------------------------
--  DDL for Trigger TRG_QNA
--------------------------------------------------------

  CREATE OR REPLACE TRIGGER "CTEAM"."TRG_QNA" 
    before insert on qna
    for each row
begin
select seq_qna.nextval into :new.qna_num  from dual;
end;

/
ALTER TRIGGER "CTEAM"."TRG_QNA" ENABLE;
--------------------------------------------------------
--  Constraints for Table BOARD_COMMENT
--------------------------------------------------------

  ALTER TABLE "CTEAM"."BOARD_COMMENT" ADD CONSTRAINT "BOARD_COMMENT_COMMENT_NUM_PK" PRIMARY KEY ("COMMENT_NUM")
  USING INDEX PCTFREE 10 INITRANS 2 MAXTRANS 255 COMPUTE STATISTICS 
  STORAGE(INITIAL 65536 NEXT 1048576 MINEXTENTS 1 MAXEXTENTS 2147483645
  PCTINCREASE 0 FREELISTS 1 FREELIST GROUPS 1 BUFFER_POOL DEFAULT FLASH_CACHE DEFAULT CELL_FLASH_CACHE DEFAULT)
  TABLESPACE "SYSTEM"  ENABLE;
--------------------------------------------------------
--  Constraints for Table MEMBERJOIN
--------------------------------------------------------

  ALTER TABLE "CTEAM"."MEMBERJOIN" ADD CONSTRAINT "MEMBERJOIN_PK" PRIMARY KEY ("MEMBER_ID")
  USING INDEX PCTFREE 10 INITRANS 2 MAXTRANS 255 COMPUTE STATISTICS 
  STORAGE(INITIAL 65536 NEXT 1048576 MINEXTENTS 1 MAXEXTENTS 2147483645
  PCTINCREASE 0 FREELISTS 1 FREELIST GROUPS 1 BUFFER_POOL DEFAULT FLASH_CACHE DEFAULT CELL_FLASH_CACHE DEFAULT)
  TABLESPACE "SYSTEM"  ENABLE;
  ALTER TABLE "CTEAM"."MEMBERJOIN" MODIFY ("MEMBER_ANSWER" NOT NULL ENABLE);
  ALTER TABLE "CTEAM"."MEMBERJOIN" MODIFY ("MEMBER_QUESTION" NOT NULL ENABLE);
  ALTER TABLE "CTEAM"."MEMBERJOIN" MODIFY ("MEMBER_PHONENUM" NOT NULL ENABLE);
  ALTER TABLE "CTEAM"."MEMBERJOIN" MODIFY ("MEMBER_NAME" NOT NULL ENABLE);
  ALTER TABLE "CTEAM"."MEMBERJOIN" MODIFY ("MEMBER_PW" NOT NULL ENABLE);
  ALTER TABLE "CTEAM"."MEMBERJOIN" MODIFY ("MEMBER_ID" NOT NULL ENABLE);
--------------------------------------------------------
--  Constraints for Table REVIEW
--------------------------------------------------------

  ALTER TABLE "CTEAM"."REVIEW" ADD CONSTRAINT "REVIEW_PK" PRIMARY KEY ("REVIEW_NUM")
  USING INDEX PCTFREE 10 INITRANS 2 MAXTRANS 255 COMPUTE STATISTICS 
  STORAGE(INITIAL 65536 NEXT 1048576 MINEXTENTS 1 MAXEXTENTS 2147483645
  PCTINCREASE 0 FREELISTS 1 FREELIST GROUPS 1 BUFFER_POOL DEFAULT FLASH_CACHE DEFAULT CELL_FLASH_CACHE DEFAULT)
  TABLESPACE "SYSTEM"  ENABLE;
  ALTER TABLE "CTEAM"."REVIEW" MODIFY ("ORDER_NUM" NOT NULL ENABLE);
  ALTER TABLE "CTEAM"."REVIEW" MODIFY ("ITEM_NUM" NOT NULL ENABLE);
  ALTER TABLE "CTEAM"."REVIEW" MODIFY ("REVIEW_NUM" NOT NULL ENABLE);
--------------------------------------------------------
--  Constraints for Table ORDERLIST_GOODS
--------------------------------------------------------

  ALTER TABLE "CTEAM"."ORDERLIST_GOODS" ADD CONSTRAINT "ORDERLIST_GOODS_PK" PRIMARY KEY ("ORDERLIST_GOODS_NUM")
  USING INDEX PCTFREE 10 INITRANS 2 MAXTRANS 255 COMPUTE STATISTICS 
  STORAGE(INITIAL 65536 NEXT 1048576 MINEXTENTS 1 MAXEXTENTS 2147483645
  PCTINCREASE 0 FREELISTS 1 FREELIST GROUPS 1 BUFFER_POOL DEFAULT FLASH_CACHE DEFAULT CELL_FLASH_CACHE DEFAULT)
  TABLESPACE "SYSTEM"  ENABLE;
  ALTER TABLE "CTEAM"."ORDERLIST_GOODS" MODIFY ("ITEM_NUM" NOT NULL ENABLE);
  ALTER TABLE "CTEAM"."ORDERLIST_GOODS" MODIFY ("ORDER_NUM" NOT NULL ENABLE);
  ALTER TABLE "CTEAM"."ORDERLIST_GOODS" MODIFY ("ORDERLIST_GOODS_NUM" NOT NULL ENABLE);
--------------------------------------------------------
--  Constraints for Table BOARD
--------------------------------------------------------

  ALTER TABLE "CTEAM"."BOARD" ADD CONSTRAINT "BOARD_PK" PRIMARY KEY ("BOARD_NUM")
  USING INDEX PCTFREE 10 INITRANS 2 MAXTRANS 255 COMPUTE STATISTICS 
  STORAGE(INITIAL 65536 NEXT 1048576 MINEXTENTS 1 MAXEXTENTS 2147483645
  PCTINCREASE 0 FREELISTS 1 FREELIST GROUPS 1 BUFFER_POOL DEFAULT FLASH_CACHE DEFAULT CELL_FLASH_CACHE DEFAULT)
  TABLESPACE "SYSTEM"  ENABLE;
  ALTER TABLE "CTEAM"."BOARD" MODIFY ("BOARD_NUM" NOT NULL ENABLE);
--------------------------------------------------------
--  Constraints for Table QNA
--------------------------------------------------------

  ALTER TABLE "CTEAM"."QNA" ADD CONSTRAINT "QNA_PK" PRIMARY KEY ("QNA_NUM")
  USING INDEX PCTFREE 10 INITRANS 2 MAXTRANS 255 COMPUTE STATISTICS 
  STORAGE(INITIAL 65536 NEXT 1048576 MINEXTENTS 1 MAXEXTENTS 2147483645
  PCTINCREASE 0 FREELISTS 1 FREELIST GROUPS 1 BUFFER_POOL DEFAULT FLASH_CACHE DEFAULT CELL_FLASH_CACHE DEFAULT)
  TABLESPACE "SYSTEM"  ENABLE;
--------------------------------------------------------
--  Constraints for Table CART
--------------------------------------------------------

  ALTER TABLE "CTEAM"."CART" ADD CONSTRAINT "CART_PK" PRIMARY KEY ("CART_NUM")
  USING INDEX PCTFREE 10 INITRANS 2 MAXTRANS 255 COMPUTE STATISTICS 
  STORAGE(INITIAL 65536 NEXT 1048576 MINEXTENTS 1 MAXEXTENTS 2147483645
  PCTINCREASE 0 FREELISTS 1 FREELIST GROUPS 1 BUFFER_POOL DEFAULT FLASH_CACHE DEFAULT CELL_FLASH_CACHE DEFAULT)
  TABLESPACE "SYSTEM"  ENABLE;
  ALTER TABLE "CTEAM"."CART" MODIFY ("CART_NUM" NOT NULL ENABLE);
--------------------------------------------------------
--  Constraints for Table CALENDAR
--------------------------------------------------------

  ALTER TABLE "CTEAM"."CALENDAR" MODIFY ("CALENDAR_ID" NOT NULL ENABLE);
  ALTER TABLE "CTEAM"."CALENDAR" MODIFY ("CALENDAR_DATE" NOT NULL ENABLE);
--------------------------------------------------------
--  Constraints for Table PETADD
--------------------------------------------------------

  ALTER TABLE "CTEAM"."PETADD" ADD PRIMARY KEY ("PETNAME")
  USING INDEX PCTFREE 10 INITRANS 2 MAXTRANS 255 COMPUTE STATISTICS 
  STORAGE(INITIAL 65536 NEXT 1048576 MINEXTENTS 1 MAXEXTENTS 2147483645
  PCTINCREASE 0 FREELISTS 1 FREELIST GROUPS 1 BUFFER_POOL DEFAULT FLASH_CACHE DEFAULT CELL_FLASH_CACHE DEFAULT)
  TABLESPACE "SYSTEM"  ENABLE;
  ALTER TABLE "CTEAM"."PETADD" MODIFY ("PETNAME" NOT NULL ENABLE);
--------------------------------------------------------
--  Constraints for Table NOTICE
--------------------------------------------------------

  ALTER TABLE "CTEAM"."NOTICE" MODIFY ("WRITER" NOT NULL ENABLE);
  ALTER TABLE "CTEAM"."NOTICE" MODIFY ("CONTENT" NOT NULL ENABLE);
  ALTER TABLE "CTEAM"."NOTICE" MODIFY ("TITLE" NOT NULL ENABLE);
--------------------------------------------------------
--  Constraints for Table PETPHOTO
--------------------------------------------------------

  ALTER TABLE "CTEAM"."PETPHOTO" ADD CONSTRAINT "PETPHOTO_PK" PRIMARY KEY ("PETPHOTO_NO")
  USING INDEX PCTFREE 10 INITRANS 2 MAXTRANS 255 COMPUTE STATISTICS 
  STORAGE(INITIAL 65536 NEXT 1048576 MINEXTENTS 1 MAXEXTENTS 2147483645
  PCTINCREASE 0 FREELISTS 1 FREELIST GROUPS 1 BUFFER_POOL DEFAULT FLASH_CACHE DEFAULT CELL_FLASH_CACHE DEFAULT)
  TABLESPACE "SYSTEM"  ENABLE;
  ALTER TABLE "CTEAM"."PETPHOTO" MODIFY ("PETNAME" NOT NULL ENABLE);
  ALTER TABLE "CTEAM"."PETPHOTO" MODIFY ("PETPHOTO_NO" NOT NULL ENABLE);
--------------------------------------------------------
--  Constraints for Table ORDERLIST
--------------------------------------------------------

  ALTER TABLE "CTEAM"."ORDERLIST" ADD CONSTRAINT "ORDERLIST_PK" PRIMARY KEY ("ORDER_NUM")
  USING INDEX PCTFREE 10 INITRANS 2 MAXTRANS 255 COMPUTE STATISTICS 
  STORAGE(INITIAL 65536 NEXT 1048576 MINEXTENTS 1 MAXEXTENTS 2147483645
  PCTINCREASE 0 FREELISTS 1 FREELIST GROUPS 1 BUFFER_POOL DEFAULT FLASH_CACHE DEFAULT CELL_FLASH_CACHE DEFAULT)
  TABLESPACE "SYSTEM"  ENABLE;
  ALTER TABLE "CTEAM"."ORDERLIST" MODIFY ("ORDER_NUM" NOT NULL ENABLE);
--------------------------------------------------------
--  Constraints for Table SELL_ITEM
--------------------------------------------------------

  ALTER TABLE "CTEAM"."SELL_ITEM" ADD CONSTRAINT "SELL_ITEM_PK" PRIMARY KEY ("ITEM_NUM")
  USING INDEX PCTFREE 10 INITRANS 2 MAXTRANS 255 COMPUTE STATISTICS 
  STORAGE(INITIAL 65536 NEXT 1048576 MINEXTENTS 1 MAXEXTENTS 2147483645
  PCTINCREASE 0 FREELISTS 1 FREELIST GROUPS 1 BUFFER_POOL DEFAULT FLASH_CACHE DEFAULT CELL_FLASH_CACHE DEFAULT)
  TABLESPACE "SYSTEM"  ENABLE;
  ALTER TABLE "CTEAM"."SELL_ITEM" MODIFY ("ITEM_NUM" NOT NULL ENABLE);
--------------------------------------------------------
--  Ref Constraints for Table BOARD
--------------------------------------------------------

  ALTER TABLE "CTEAM"."BOARD" ADD CONSTRAINT "SYS_C007452" FOREIGN KEY ("MEMBER_ID")
	  REFERENCES "CTEAM"."MEMBERJOIN" ("MEMBER_ID") ON DELETE CASCADE ENABLE;
--------------------------------------------------------
--  Ref Constraints for Table BOARD_COMMENT
--------------------------------------------------------

  ALTER TABLE "CTEAM"."BOARD_COMMENT" ADD CONSTRAINT "BOARD_COMMENT_BOARD_NUM_FK" FOREIGN KEY ("BOARD_NUM")
	  REFERENCES "CTEAM"."BOARD" ("BOARD_NUM") ON DELETE CASCADE ENABLE;
--------------------------------------------------------
--  Ref Constraints for Table CALENDAR
--------------------------------------------------------

  ALTER TABLE "CTEAM"."CALENDAR" ADD CONSTRAINT "CALENDAR_PETNAME_FK" FOREIGN KEY ("PETNAME")
	  REFERENCES "CTEAM"."PETADD" ("PETNAME") ON DELETE CASCADE ENABLE;
--------------------------------------------------------
--  Ref Constraints for Table CART
--------------------------------------------------------

  ALTER TABLE "CTEAM"."CART" ADD CONSTRAINT "ITEM_NUM" FOREIGN KEY ("ITEM_NUM")
	  REFERENCES "CTEAM"."SELL_ITEM" ("ITEM_NUM") ENABLE;
  ALTER TABLE "CTEAM"."CART" ADD CONSTRAINT "MEMBER_ID" FOREIGN KEY ("MEMBER_ID")
	  REFERENCES "CTEAM"."MEMBERJOIN" ("MEMBER_ID") ON DELETE CASCADE ENABLE;
--------------------------------------------------------
--  Ref Constraints for Table NOTICE
--------------------------------------------------------

  ALTER TABLE "CTEAM"."NOTICE" ADD CONSTRAINT "NOTICE_FK" FOREIGN KEY ("WRITER")
	  REFERENCES "CTEAM"."MEMBERJOIN" ("MEMBER_ID") ENABLE;
--------------------------------------------------------
--  Ref Constraints for Table ORDERLIST
--------------------------------------------------------

  ALTER TABLE "CTEAM"."ORDERLIST" ADD CONSTRAINT "ORDERLIST_FK" FOREIGN KEY ("MEMBER_ID")
	  REFERENCES "CTEAM"."MEMBERJOIN" ("MEMBER_ID") ENABLE;
--------------------------------------------------------
--  Ref Constraints for Table ORDERLIST_GOODS
--------------------------------------------------------

  ALTER TABLE "CTEAM"."ORDERLIST_GOODS" ADD CONSTRAINT "ORDERLIST_GOODS_FK" FOREIGN KEY ("ORDER_NUM")
	  REFERENCES "CTEAM"."ORDERLIST" ("ORDER_NUM") ON DELETE CASCADE ENABLE;
  ALTER TABLE "CTEAM"."ORDERLIST_GOODS" ADD CONSTRAINT "ORDERLIST_GOODS_FK2" FOREIGN KEY ("ITEM_NUM")
	  REFERENCES "CTEAM"."SELL_ITEM" ("ITEM_NUM") ON DELETE CASCADE ENABLE;
--------------------------------------------------------
--  Ref Constraints for Table PETADD
--------------------------------------------------------

  ALTER TABLE "CTEAM"."PETADD" ADD CONSTRAINT "PET_MEMBER" FOREIGN KEY ("MEMBER_ID")
	  REFERENCES "CTEAM"."MEMBERJOIN" ("MEMBER_ID") ON DELETE CASCADE ENABLE;
--------------------------------------------------------
--  Ref Constraints for Table PETPHOTO
--------------------------------------------------------

  ALTER TABLE "CTEAM"."PETPHOTO" ADD CONSTRAINT "FK_PETPHOTO_MEMBER_ID" FOREIGN KEY ("MEMBER_ID")
	  REFERENCES "CTEAM"."MEMBERJOIN" ("MEMBER_ID") ENABLE;
  ALTER TABLE "CTEAM"."PETPHOTO" ADD CONSTRAINT "PETPHOTO_FK1" FOREIGN KEY ("PETNAME")
	  REFERENCES "CTEAM"."PETADD" ("PETNAME") ON DELETE CASCADE ENABLE;
--------------------------------------------------------
--  Ref Constraints for Table QNA
--------------------------------------------------------

  ALTER TABLE "CTEAM"."QNA" ADD CONSTRAINT "QNA_FK2" FOREIGN KEY ("MEMBER_ID")
	  REFERENCES "CTEAM"."MEMBERJOIN" ("MEMBER_ID") ENABLE;
--------------------------------------------------------
--  Ref Constraints for Table REVIEW
--------------------------------------------------------

  ALTER TABLE "CTEAM"."REVIEW" ADD CONSTRAINT "REVIEW_FK" FOREIGN KEY ("ITEM_NUM")
	  REFERENCES "CTEAM"."SELL_ITEM" ("ITEM_NUM") ENABLE;
  ALTER TABLE "CTEAM"."REVIEW" ADD CONSTRAINT "REVIEW_FK2" FOREIGN KEY ("ORDER_NUM")
	  REFERENCES "CTEAM"."ORDERLIST" ("ORDER_NUM") ENABLE;
  ALTER TABLE "CTEAM"."REVIEW" ADD CONSTRAINT "REVIEW_FK3" FOREIGN KEY ("MEMBER_ID")
	  REFERENCES "CTEAM"."MEMBERJOIN" ("MEMBER_ID") ENABLE;
--------------------------------------------------------
--  Ref Constraints for Table SELL_ITEM
--------------------------------------------------------

  ALTER TABLE "CTEAM"."SELL_ITEM" ADD CONSTRAINT "DELETE_CHILD" FOREIGN KEY ("ITEM_NUM")
	  REFERENCES "CTEAM"."SELL_ITEM" ("ITEM_NUM") ON DELETE CASCADE ENABLE;
--------------------------------------------------------
--  Ref Constraints for Table SELL_ITEM_OPTION
--------------------------------------------------------

  ALTER TABLE "CTEAM"."SELL_ITEM_OPTION" ADD CONSTRAINT "SYS_C007900" FOREIGN KEY ("ITEM_NUM")
	  REFERENCES "CTEAM"."SELL_ITEM" ("ITEM_NUM") ON DELETE CASCADE ENABLE;
